chapter	repo_file	visible_title	document_title
1	chapter-001.xhtml	Hellhound (1)	Chapter 1: Hellhound (1)
2	chapter-002.xhtml	Hellhound (2)	Chapter 2: Hellhound (2)
3	chapter-003.xhtml	Hellhound (3)	Chapter 3: Hellhound (3)
4	chapter-004.xhtml	The Baskerville Dog (1)	Chapter 4: The Baskerville Dog (1)
5	chapter-005.xhtml	The Baskerville Dog (2)	Chapter 5: The Baskerville Dog (2)
6	chapter-006.xhtml	The Baskerville Dog (3)	Chapter 6: The Baskerville Dog (3)
7	chapter-007.xhtml	The Baskerville Dog (4)	Chapter 7: The Baskerville Dog (4)
8	chapter-008.xhtml	Hounds of Hell (1)	Chapter 8: Hounds of Hell (1)
9	chapter-009.xhtml	Hounds of Hell (2)	Chapter 9: Hounds of Hell (2)
10	chapter-010.xhtml	Hounds of Hell (3)	Chapter 10: Hounds of Hell (3)
11	chapter-011.xhtml	Hounds of Hell (4)	Chapter 11: Hounds of Hell (4)
12	chapter-012.xhtml	The Gluttonous Flies (1)	Chapter 12: The Gluttonous Flies (1)
13	chapter-013.xhtml	The Gluttonous Flies (2)	Chapter 13: The Gluttonous Flies (2)
14	chapter-014.xhtml	Solitary (1)	Chapter 14: Solitary (1)
15	chapter-015.xhtml	Solitary (2)	Chapter 15: Solitary (2)
16	chapter-016.xhtml	Solitary (3)	Chapter 16: Solitary (3)
17	chapter-017.xhtml	Solitary (4)	Chapter 17: Solitary (4)
18	chapter-018.xhtml	Bared Teeth (1)	Chapter 18: Bared Teeth (1)
19	chapter-019.xhtml	Bared Teeth (2)	Chapter 19: Bared Teeth (2)
20	chapter-020.xhtml	Camus Morgue (1)	Chapter 20: Camus Morgue (1)
21	chapter-021.xhtml	Camus Morgue (2)	Chapter 21: Camus Morgue (2)
22	chapter-022.xhtml	Camus Morgue (3)	Chapter 22: Camus Morgue (3)
23	chapter-023.xhtml	Camus Morgue (4)	Chapter 23: Camus Morgue (4)
24	chapter-024.xhtml	Camus Morgue (5)	Chapter 24: Camus Morgue (5)
25	chapter-025.xhtml	Camus Morgue (6)	Chapter 25: Camus Morgue (6)
26	chapter-026.xhtml	The Graduate (1)	Chapter 26: The Graduate (1)
27	chapter-027.xhtml	The Graduate (2)	Chapter 27: The Graduate (2)
28	chapter-028.xhtml	Special Laws of Vikir (1)	Chapter 28: Special Laws of Vikir (1)
29	chapter-029.xhtml	Special Laws of Vikir (2)	Chapter 29: Special Laws of Vikir (2)
30	chapter-030.xhtml	Special Law of Vikir (3)	Chapter 30: Special Law of Vikir (3)
31	chapter-031.xhtml	Special Laws of Vikir (4)	Chapter 31: Special Laws of Vikir (4)
32	chapter-032.xhtml	The Social Club (1)	Chapter 32: The Social Club (1)
33	chapter-033.xhtml	The Social Club (2)	Chapter 33: The Social Club (2)
34	chapter-034.xhtml	The Social Club (3)	Chapter 34: The Social Club (3)
35	chapter-035.xhtml	Slave Auction (1)	Chapter 35: Slave Auction (1)
36	chapter-036.xhtml	Slave Auction (2)	Chapter 36: Slave Auction (2)
37	chapter-037.xhtml	Slave Auction (3)	Chapter 37: Slave Auction (3)
38	chapter-038.xhtml	Sponsored (1)	Chapter 38: Sponsored (1)
39	chapter-039.xhtml	Sponsored (2)	Chapter 39: Sponsored (2)
40	chapter-040.xhtml	Morgue’s United Front (1)	Chapter 40: Morgue’s United Front (1)
41	chapter-041.xhtml	Morgue’s United Front (2)	Chapter 41: Morgue’s United Front (2)
42	chapter-042.xhtml	Morgue’s United Front (3)	Chapter 42: Morgue’s United Front (3)
43	chapter-043.xhtml	The Fiancée (1)	Chapter 43: The Fiancée (1)
44	chapter-044.xhtml	The Fiancée (2)	Chapter 44: The Fiancée (2)
45	chapter-045.xhtml	The Fiancée (3)	Chapter 45: The Fiancée (3)
46	chapter-046.xhtml	The Husband Hunt (1)	Chapter 46: The Husband Hunt (1)
47	chapter-047.xhtml	The Husband Hunt (2)	Chapter 47: The Husband Hunt (2)
48	chapter-048.xhtml	The Husband Hunt (3)	Chapter 48: The Husband Hunt (3)
49	chapter-049.xhtml	The Husband Hunt (4)	Chapter 49: The Husband Hunt (4)
50	chapter-050.xhtml	The Husband Hunt (5)	Chapter 50: The Husband Hunt (5)
51	chapter-051.xhtml	The Husband Hunt (6)	Chapter 51: The Husband Hunt (6)
52	chapter-052.xhtml	Slaves of the Savage Tribe (1)	Chapter 52: Slaves of the Savage Tribe (1)
53	chapter-053.xhtml	Slave of the Barbarian Tribe (2)	Chapter 53: Slave of the Barbarian Tribe (2)
54	chapter-054.xhtml	Slaves of the Barbarian Tribe (3)	Chapter 54: Slaves of the Barbarian Tribe (3)
55	chapter-055.xhtml	The Hunter and the Hunted (1)	Chapter 55: The Hunter and the Hunted (1)
56	chapter-056.xhtml	The Hunter and the Hunted (2)	Chapter 56: The Hunter and the Hunted (2)
57	chapter-057.xhtml	The Hunter and The Hunted (3)	Chapter 57: The Hunter and The Hunted (3)
58	chapter-058.xhtml	The Hunter and the Hunted (4)	Chapter 58: The Hunter and the Hunted (4)
59	chapter-059.xhtml	The Hunter and the Hunted (5)	Chapter 59: The Hunter and the Hunted (5)
60	chapter-060.xhtml	The Protagonist of Hunting (1)	Chapter 60: The Protagonist of Hunting (1)
61	chapter-061.xhtml	The Protagonist of Hunting (2)	Chapter 61: The Protagonist of Hunting (2)
62	chapter-062.xhtml	The Protagonist of Hunting (3)	Chapter 62: The Protagonist of Hunting (3)
63	chapter-063.xhtml	Unfair Trade (1)	Chapter 63: Unfair Trade (1)
64	chapter-064.xhtml	Unfair Trade (2)	Chapter 64: Unfair Trade (2)
65	chapter-065.xhtml	Unfair Trade (3)	Chapter 65: Unfair Trade (3)
66	chapter-066.xhtml	Unfair Trade (4)	Chapter 66: Unfair Trade (4)
67	chapter-067.xhtml	Blood Relatives (1)	Chapter 67: Blood Relatives (1)
68	chapter-068.xhtml	Blood Relatives (2)	Chapter 68: Blood Relatives (2)
69	chapter-069.xhtml	Blood Relatives (3)	Chapter 69: Blood Relatives (3)
70	chapter-070.xhtml	Blood Relatives (4)	Chapter 70: Blood Relatives (4)
71	chapter-071.xhtml	The Red Death (1)	Chapter 71: The Red Death (1)
72	chapter-072.xhtml	The Red Death (2)	Chapter 72: The Red Death (2)
73	chapter-073.xhtml	The Red Death (3)	Chapter 73: The Red Death (3)
74	chapter-074.xhtml	The Hound of the Night (1)	Chapter 74: The Hound of the Night (1)
75	chapter-075.xhtml	The Hound of the Night (2)	Chapter 75: The Hound of the Night (2)
76	chapter-076.xhtml	The Hound of the Night (3)	Chapter 76: The Hound of the Night (3)
77	chapter-077.xhtml	The Saintess (1)	Chapter 77: The Saintess (1)
78	chapter-078.xhtml	The Saintess (2)	Chapter 78: The Saintess (2)
79	chapter-079.xhtml	The Saintess (3)	Chapter 79: The Saintess (3)
80	chapter-080.xhtml	The Saintess (4)	Chapter 80: The Saintess (4)
81	chapter-081.xhtml	The Saintess (5)	Chapter 81: The Saintess (5)
82	chapter-082.xhtml	Lovesickness (1)	Chapter 82: Lovesickness (1)
83	chapter-083.xhtml	Lovesickness (2)	Chapter 83: Lovesickness (2)
84	chapter-084.xhtml	The Illiad (1)	Chapter 84: The Illiad (1)
85	chapter-085.xhtml	The Illiad (2)	Chapter 85: The Illiad (2)
86	chapter-086.xhtml	The Illiad (3)	Chapter 86: The Illiad (3)
87	chapter-087.xhtml	The Illiad (4)	Chapter 87: The Illiad (4)
88	chapter-088.xhtml	The Illiad (5)	Chapter 88: The Illiad (5)
89	chapter-089.xhtml	The Ghosts of the Ancestors (1)	Chapter 89: The Ghosts of the Ancestors (1)
90	chapter-090.xhtml	The Ghosts of the Ancestors (2)	Chapter 90: The Ghosts of the Ancestors (2)
91	chapter-091.xhtml	The Ghosts of the Ancestors (3)	Chapter 91: The Ghosts of the Ancestors (3)
92	chapter-092.xhtml	The Ghosts of the Ancestors (4)	Chapter 92: The Ghosts of the Ancestors (4)
93	chapter-093.xhtml	The Ghosts of the Ancestors (5)	Chapter 93: The Ghosts of the Ancestors (5)
94	chapter-094.xhtml	Madam Eight-Legs (1)	Chapter 94: Madam Eight-Legs (1)
95	chapter-095.xhtml	Madam Eight-Legs (2)	Chapter 95: Madam Eight-Legs (2)
96	chapter-096.xhtml	Madam Eight-Legs (3)	Chapter 96: Madam Eight-Legs (3)
97	chapter-097.xhtml	Madam Eight-Legs (4)	Chapter 97: Madam Eight-Legs (4)
98	chapter-098.xhtml	Madam Eight-Legs (5)	Chapter 98: Madam Eight-Legs (5)
99	chapter-099.xhtml	Madam Eight-Legs (6)	Chapter 99: Madam Eight-Legs (6)
100	chapter-100.xhtml	Nostalgia (1)	Chapter 100: Nostalgia (1)
101	chapter-101.xhtml	Nostalgia (2)	Chapter 101: Nostalgia (2)
102	chapter-102.xhtml	Nostalgia (3)	Chapter 102: Nostalgia (3)
103	chapter-103.xhtml	Nostalgia (4)	Chapter 103: Nostalgia (4)
104	chapter-104.xhtml	The Returned Hero (1)	Chapter 104: The Returned Hero (1)
105	chapter-105.xhtml	The Returned Hero (2)	Chapter 105: The Returned Hero (2)
106	chapter-106.xhtml	The Returned Hero (3)	Chapter 106: The Returned Hero (3)
107	chapter-107.xhtml	The Returned Hero (4)	Chapter 107: The Returned Hero (4)
108	chapter-108.xhtml	The Returned Hero (5)	Chapter 108: The Returned Hero (5)
109	chapter-109.xhtml	The Great Banquet (1)	Chapter 109: The Great Banquet (1)
110	chapter-110.xhtml	The Great Banquet (2)	Chapter 110: The Great Banquet (2)
111	chapter-111.xhtml	The Great Banquet (3)	Chapter 111: The Great Banquet (3)
112	chapter-112.xhtml	The Great Banquet (4)	Chapter 112: The Great Banquet (4)
113	chapter-113.xhtml	The Great Banquet (5)	Chapter 113: The Great Banquet (5)
114	chapter-114.xhtml	The Great Banquet (6)	Chapter 114: The Great Banquet (6)
115	chapter-115.xhtml	The Great Banquet (7)	Chapter 115: The Great Banquet (7)
116	chapter-116.xhtml	Falling in Love (1)	Chapter 116: Falling in Love (1)
117	chapter-117.xhtml	Falling in Love (2)	Chapter 117: Falling in Love (2)
118	chapter-118.xhtml	Falling in Love (3)	Chapter 118: Falling in Love (3)
119	chapter-119.xhtml	The Hunt for the Second Son (1)	Chapter 119: The Hunt for the Second Son (1)
120	chapter-120.xhtml	The Hunt for the Second Son (2)	Chapter 120: The Hunt for the Second Son (2)
121	chapter-121.xhtml	The Hunt for the Second Son (3)	Chapter 121: The Hunt for the Second Son (3)
122	chapter-122.xhtml	The Hunt for the Second Son (4)	Chapter 122: The Hunt for the Second Son (4)
123	chapter-123.xhtml	The Hunt for the Second Son (5)	Chapter 123: The Hunt for the Second Son (5)
124	chapter-124.xhtml	The Hunt for the Second Son (6)	Chapter 124: The Hunt for the Second Son (6)
125	chapter-125.xhtml	Admission to the Academy (1)	Chapter 125: Admission to the Academy (1)
126	chapter-126.xhtml	Admission to the Academy (2)	Chapter 126: Admission to the Academy (2)
127	chapter-127.xhtml	Admission to the Academy (3)	Chapter 127: Admission to the Academy (3)
128	chapter-128.xhtml	Admission to the Academy (4)	Chapter 128: Admission to the Academy (4)
129	chapter-129.xhtml	The Freshman Talent Show (1)	Chapter 129: The Freshman Talent Show (1)
130	chapter-130.xhtml	The Freshman Talent Show (2)	Chapter 130: The Freshman Talent Show (2)
131	chapter-131.xhtml	The Freshman Talent Show (3)	Chapter 131: The Freshman Talent Show (3)
132	chapter-132.xhtml	Test Your Skills (1)	Chapter 132: Test Your Skills (1)
133	chapter-133.xhtml	Test Your Skills (2)	Chapter 133: Test Your Skills (2)
134	chapter-134.xhtml	Test Your Skills (3)	Chapter 134: Test Your Skills (3)
135	chapter-135.xhtml	Test Your Skills (4)	Chapter 135: Test Your Skills (4)
136	chapter-136.xhtml	Test Your Skills (5)	Chapter 136: Test Your Skills (5)
137	chapter-137.xhtml	Test your skills (6)	Chapter 137: Test your skills (6)
138	chapter-138.xhtml	Men are Power (1)	Chapter 138: Men are Power (1)
139	chapter-139.xhtml	Men are Power (2)	Chapter 139: Men are Power (2)
140	chapter-140.xhtml	Identity of the Villain (1)	Chapter 140: Identity of the Villain (1)
141	chapter-141.xhtml	Identity of the Villain (2)	Chapter 141: Identity of the Villain (2)
142	chapter-142.xhtml	Identity of the Villain (3)	Chapter 142: Identity of the Villain (3)
143	chapter-143.xhtml	Volunteering for the Golden Week (1)	Chapter 143: Volunteering for the Golden Week (1)
144	chapter-144.xhtml	Volunteering for the Golden Week (2)	Chapter 144: Volunteering for the Golden Week (2)
145	chapter-145.xhtml	Volunteering for the Golden Week (3)	Chapter 145: Volunteering for the Golden Week (3)
146	chapter-146.xhtml	Volunteering for the Golden Week (4)	Chapter 146: Volunteering for the Golden Week (4)
147	chapter-147.xhtml	Volunteering for the Golden Week (5)	Chapter 147: Volunteering for the Golden Week (5)
148	chapter-148.xhtml	Volunteering on the Golden Week (6)	Chapter 148: Volunteering on the Golden Week (6)
149	chapter-149.xhtml	Not Brother, But Uncle (1)	Chapter 149: Not Brother, But Uncle (1)
150	chapter-150.xhtml	Not Brother, But Uncle (2)	Chapter 150: Not Brother, But Uncle (2)
151	chapter-151.xhtml	The Drinking Game (1)	Chapter 151: The Drinking Game (1)
152	chapter-152.xhtml	The Drinking Game (2)	Chapter 152: The Drinking Game (2)
153	chapter-153.xhtml	The Drinking Game (3)	Chapter 153: The Drinking Game (3)
154	chapter-154.xhtml	How to Keep Your Night Shift Employees Safe (1)	Chapter 154: How to keep your night shift employees safe (1)
155	chapter-155.xhtml	How to Keep Your Night Shift Employees Safe (2)	Chapter 155: How to keep your night shift employees safe (2)
156	chapter-156.xhtml	How to Keep Your Night Shift Employees Safe (3)	Chapter 156: How to Keep Your Night Shift Employees Safe (3)
157	chapter-157.xhtml	Familiar Face (1)	Chapter 157: Familiar Faces (1)
158	chapter-158.xhtml	Familiar Faces (2)	Chapter 158: Familiar Face (2)
159	chapter-159.xhtml	Familiar Faces (3)	Chapter 159: Familiar Face (3)
160	chapter-160.xhtml	Familiar Face (4)	Chapter 160: Familiar Face (4)
161	chapter-161.xhtml	Sin and Punishment (1)	Chapter 161: Sin and Punishment (1)
162	chapter-162.xhtml	Sin and Punishment (2)	Chapter 162: Sin and Punishment (2)
163	chapter-163.xhtml	Sin and Punishment (3)	Chapter 163: Sin and Punishment (3)
164	chapter-164.xhtml	Sin and Punishment (4)	Chapter 164: Sin and Punishment (4)
165	chapter-165.xhtml	Sin and Punishment (5)	Chapter 165: Sin and Punishment (5)
166	chapter-166.xhtml	Sin and Punishment (6)	Chapter 166: Sin and Punishment (6)
167	chapter-167.xhtml	Sin and Punishment (8)	Chapter 167: Sin and Punishment (8)
168	chapter-168.xhtml	Adorable Pet (1)	Chapter 168: Adorable Pet (1)
169	chapter-169.xhtml	Adorable Pet (2)	Chapter 169: Adorable Pet (2)
170	chapter-170.xhtml	The Anti-Columnist (1)	Chapter 170: The Anti-Columnist (1)
171	chapter-171.xhtml	The Anti-Columnist (2)	Chapter 171: The Anti-Columnist (2)
172	chapter-172.xhtml	The Anti-Columnist (3)	Chapter 172: The Anti-Columnist (3)
173	chapter-173.xhtml	The Anti-Columnist (4)	Chapter 173: The Anti-Columnist (4)
174	chapter-174.xhtml	The 99 Hits With 100 Shots (1)	Chapter 174: The 99 Hits With 100 Shots (1)
175	chapter-175.xhtml	The 99 Hits With 100 Shots (2)	Chapter 175: The 99 Hits With 100 Shots (2)
176	chapter-176.xhtml	The 99 Hits With 100 Shots (3)	Chapter 176: The 99 Hits With 100 Shots (3)
177	chapter-177.xhtml	Midterm Random Defense (1)	Chapter 177: Midterm Random Defense (1)
178	chapter-178.xhtml	Midterm Random Defense (2)	Chapter 178: Midterm Random Defense (2)
179	chapter-179.xhtml	Midterm Random Defense (3)	Chapter 179: Midterm Random Defense (3)
180	chapter-180.xhtml	Midterm Random Defense (4)	Chapter 180: Midterm Random Defense (4)
181	chapter-181.xhtml	Midterm Random Defense (5)	Chapter 181: Midterm Random Defense (5)
182	chapter-182.xhtml	Midterm Random Defense (6)	Chapter 182: Midterm Random Defense (6)
183	chapter-183.xhtml	Midterm Random Defense (7)	Chapter 183: Midterm Random Defense (7)
184	chapter-184.xhtml	Aftermath (1)	Chapter 184: Aftermath (1)
185	chapter-185.xhtml	Aftermath (2)	Chapter 185: Aftermath (2)
186	chapter-186.xhtml	Aftermath (3)	Chapter 186: Aftermath (3)
187	chapter-187.xhtml	Aftermath (4)	Chapter 187: Aftermath (4)
188	chapter-188.xhtml	Attack Land (1)	Chapter 188: Attack Land (1)
189	chapter-189.xhtml	Attack Land (2)	Chapter 189: Attack Land (2)
190	chapter-190.xhtml	Attack Land (3)	Chapter 190: Attack Land (3)
191	chapter-191.xhtml	Attack Land (4)	Chapter 191: Attack Land (4)
192	chapter-192.xhtml	Attack Land (5)	Chapter 192: Attack Land (5)
193	chapter-193.xhtml	Attack Land (6)	Chapter 193: Attack Land (6)
194	chapter-194.xhtml	Attack Land (7)	Chapter 194: Attack Land (7)
195	chapter-195.xhtml	Preparing for the Festival (1)	Chapter 195: Preparing for the Festival (1)
196	chapter-196.xhtml	The Corpse Queen (1)	Chapter 196: The Corpse Queen (1)
197	chapter-197.xhtml	The Corpse Queen (2)	Chapter 197: The Corpse Queen (2)
198	chapter-198.xhtml	The Corpse Queen (3)	Chapter 198: The Corpse Queen (3)
199	chapter-199.xhtml	The Corpse Queen (4)	Chapter 199: The Corpse Queen (4)
200	chapter-200.xhtml	The Corpse Queen (5)	Chapter 200: The Corpse Queen (5)
201	chapter-201.xhtml	Mixed Bath (1)	Chapter 201: Mixed Bath (1)
202	chapter-202.xhtml	Mixed Bath (2)	Chapter 202: Mixed Bath (2)
203	chapter-203.xhtml	Mixed Bath (3)	Chapter 203: Mixed Bath (3)
204	chapter-204.xhtml	Festival Night (1)	Chapter 204: Festival Night (1)
205	chapter-205.xhtml	Festival Night (2)	Chapter 205: Festival Night (2)
206	chapter-206.xhtml	Festival Night (3)	Chapter 206: Festival Night (3)
207	chapter-207.xhtml	Festival Night (4)	Chapter 207: Festival Night (4)
208	chapter-208.xhtml	Festival Night (5)	Chapter 208: Festival Night (5)
209	chapter-209.xhtml	Festival Night (6)	Chapter 209: Festival Night (6)
210	chapter-210.xhtml	Festival Night (7)	Chapter 210: Festival Night (7)
211	chapter-211.xhtml	Festival Night (8)	Chapter 211: Festival Night (8)
212	chapter-212.xhtml	Festival Night (9)	Chapter 212: Festival Night (9)
213	chapter-213.xhtml	Festival Night (10)	Chapter 213: Festival Night (10)
214	chapter-214.xhtml	My Neck Will Be Your Sheath (1)	Chapter 214: My Neck Will Be Your Sheath (1)
215	chapter-215.xhtml	My Neck Will Be Your Sheath (2)	Chapter 215: My Neck Will Be Your Sheath (2)
216	chapter-216.xhtml	My Neck Will Be Your Sheath (3)	Chapter 216: My Neck Will Be Your Sheath (3)
217	chapter-217.xhtml	My Neck Will Be Your Sheath (4)	Chapter 217: My Neck Will Be Your Sheath (4)
218	chapter-218.xhtml	That Day, Him and Me (1)	Chapter 218: That Day, Him and Me (1)
219	chapter-219.xhtml	That Day, Him and Me (2)	Chapter 219: That Day, Him and Me (2)
220	chapter-220.xhtml	That Day, Him and Me (3)	Chapter 220: That Day, Him and Me (3)
221	chapter-221.xhtml	That Day, Him and Me (4)	Chapter 221: That Day, Him and Me (4)
222	chapter-222.xhtml	That Day, Him and Me (5)	Chapter 222: That Day, Him and Me (5)
223	chapter-223.xhtml	Tuition (1)	Chapter 223: Tuition (1)
224	chapter-224.xhtml	Tuition (2)	Chapter 224: Tuition (2)
225	chapter-225.xhtml	Tuition (3)	Chapter 225: Tuition (3)
226	chapter-226.xhtml	Tuition (4)	Chapter 226: Tuition (4)
227	chapter-227.xhtml	Tuition (5)	Chapter 227: Tuition (5)
228	chapter-228.xhtml	Tuition (6)	Chapter 228: Tuition (6)
229	chapter-229.xhtml	Tuition (7)	Chapter 229: Tuition (7)
230	chapter-230.xhtml	Tuition (8)	Chapter 230: Tuition (8)
231	chapter-231.xhtml	Tuition (9)	Chapter 231: Tuition (9)
232	chapter-232.xhtml	Suspicion (1)	Chapter 232: Suspicion (1)
233	chapter-233.xhtml	Suspicion (2)	Chapter 233: Suspicion (2)
234	chapter-234.xhtml	National University League (1)	Chapter 234: National University League (1)
235	chapter-235.xhtml	National University League (2)	Chapter 235: National University League (2)
236	chapter-236.xhtml	National University League (3)	Chapter 236: National University League (3)
237	chapter-237.xhtml	National University League (4)	Chapter 237: National University League (4)
238	chapter-238.xhtml	National University League (5)	Chapter 238: National University League (5)
239	chapter-239.xhtml	National University League (6)	Chapter 239: National University League (6)
240	chapter-240.xhtml	National University League (7)	Chapter 240: National University League (7)
241	chapter-241.xhtml	National University League (8)	Chapter 241: National University League (8)
242	chapter-242.xhtml	National University League (9)	Chapter 242: National University League (9)
243	chapter-243.xhtml	Survival Contest (1)	Chapter 243: Survival Contest (1)
244	chapter-244.xhtml	Survival Contest (2)	Chapter 244: Survival Contest (2)
245	chapter-245.xhtml	Survival Contest (3)	Chapter 245: Survival Contest (3)
246	chapter-246.xhtml	Survival Contest (4)	Chapter 246: Survival Contest (4)
247	chapter-247.xhtml	Survival Contest (5)	Chapter 247: Survival Contest (5)
248	chapter-248.xhtml	Recap (1)	Chapter 248: Recap (1)
249	chapter-249.xhtml	Recap (2)	Chapter 249: Recap (2)
250	chapter-250.xhtml	Recap (3)	Chapter 250: Recap (3)
251	chapter-251.xhtml	Five Stars (1)	Chapter 251: Five Stars (1)
252	chapter-252.xhtml	Five Stars (2)	Chapter 252: Five Stars (2)
253	chapter-253.xhtml	The Grave of Swords (1)	Chapter 253: The Grave of Swords (1)
254	chapter-254.xhtml	The Grave of Swords (2)	Chapter 254: The Grave of Swords (2)
255	chapter-255.xhtml	The Grave of Swords (3)	Chapter 255: The Grave of Swords (3)
256	chapter-256.xhtml	The Grave of Swords (4)	Chapter 256: The Grave of Swords (4)
257	chapter-257.xhtml	The Grave of Swords (5)	Chapter 257: The Grave of Swords (5)
258	chapter-258.xhtml	The Grave of Swords (6)	Chapter 258: The Grave of Swords (6)
259	chapter-259.xhtml	The Inverted Pentagram (1)	Chapter 259: The Inverted Pentagram (1)
260	chapter-260.xhtml	The Inverted Pentagram (2)	Chapter 260: The Inverted Pentagram (2)
261	chapter-261.xhtml	The Inverted Pentagram (3)	Chapter 261: The Inverted Pentagram (3)
262	chapter-262.xhtml	The Season of Redemption (1)	Chapter 262: The Season of Redemption (1)
263	chapter-263.xhtml	The Season of Redemption (2)	Chapter 263: The Season of Redemption (2)
264	chapter-264.xhtml	The Season of Redemption (3)	Chapter 264: The Season of Redemption (3)
265	chapter-265.xhtml	The Season of Redemption (4)	Chapter 265: The Season of Redemption (4)
266	chapter-266.xhtml	The Eucharist (1)	Chapter 266: The Eucharist (1)
267	chapter-267.xhtml	The Eucharist (2)	Chapter 267: The Eucharist (2)
268	chapter-268.xhtml	Rich Friends (1)	Chapter 268: Rich Friends (1)
269	chapter-269.xhtml	Rich Friend (2)	Chapter 269: Rich Friend (2)
270	chapter-270.xhtml	Rich Friend (3)	Chapter 270: Rich Friend (3)
271	chapter-271.xhtml	Money War (1)	Chapter 271: Money War (1)
272	chapter-272.xhtml	Money War (2)	Chapter 272: Money War (2)
273	chapter-273.xhtml	Money War (3)	Chapter 273: Money War (3)
274	chapter-274.xhtml	Money War (4)	Chapter 274: Money War (4)
275	chapter-275.xhtml	Money War (5)	Chapter 275: Money War (5)
276	chapter-276.xhtml	Money War (6)	Chapter 276: Money War (6)
277	chapter-277.xhtml	What Money Can’t Buy (1)	Chapter 277: What Money Can’t Buy (1)
278	chapter-278.xhtml	What Money Can’t Buy (2)	Chapter 278: What Money Can’t Buy (2)
279	chapter-279.xhtml	What Money Can’t Buy (3)	Chapter 279: What Money Can’t Buy (3)
280	chapter-280.xhtml	What Money Can’t Buy (4)	Chapter 280: What Money Can’t Buy (4)
281	chapter-281.xhtml	Power inflation (1)	Chapter 281: Power inflation (1)
282	chapter-282.xhtml	Power inflation (2)	Chapter 282: Power inflation (2)
283	chapter-283.xhtml	Power inflation (3)	Chapter 283: Power inflation (3)
284	chapter-284.xhtml	Power inflation (4)	Chapter 284: Power inflation (4)
285	chapter-285.xhtml	Power inflation (5)	Chapter 285: Power inflation (5)
286	chapter-286.xhtml	Power inflation (6)	Chapter 286: Power inflation (6)
287	chapter-287.xhtml	Power inflation (7)	Chapter 287: Power inflation (7)
288	chapter-288.xhtml	Power inflation (8)	Chapter 288: Power inflation (8)
289	chapter-289.xhtml	The Successors (1)	Chapter 289: The Successors (1)
290	chapter-290.xhtml	The Successors (2)	Chapter 290: The Successors (2)
291	chapter-291.xhtml	Confessions (1)	Chapter 291: Confessions (1)
292	chapter-292.xhtml	Confessions (2)	Chapter 292: Confessions (2)
293	chapter-293.xhtml	Confession (3)	Chapter 293: Confession (3)
294	chapter-294.xhtml	Last Semester (1)	Chapter 294: Last Semester (1)
295	chapter-295.xhtml	Last Semester (2)	Chapter 295: Last Semester (2)
296	chapter-296.xhtml	Last Semester (3)	Chapter 296: Last Semester (3)
297	chapter-297.xhtml	The Age of the Warmonger (1)	Chapter 297: The Age of the Warmonger (1)
298	chapter-298.xhtml	The Age of the Warmonger (2)	Chapter 298: The Age of the Warmonger (2)
299	chapter-299.xhtml	The Age of the Warmonger (3)	Chapter 299: The Age of the Warmonger (3)
300	chapter-300.xhtml	The Age of the Warmonger (4)	Chapter 300: The Age of the Warmonger (4)
301	chapter-301.xhtml	The Age of the Warmongers (5)	Chapter 301: The Age of the Warmongers (5)
302	chapter-302.xhtml	The Age of the Warmonger (6)	Chapter 302: The Age of the Warmonger (6)
303	chapter-303.xhtml	The Age of Warmonger (7)	Chapter 303: The Age of Warmonger (7)
304	chapter-304.xhtml	The Age of Warmongers (8)	Chapter 304: The Age of Warmongers (8)
305	chapter-305.xhtml	Hell Tree (1)	Chapter 305: Hell Tree (1)
306	chapter-306.xhtml	Hell Tree (2)	Chapter 306: Hell Tree (2)
307	chapter-307.xhtml	Hell Tree (3)	Chapter 307: Hell Tree (3)
308	chapter-308.xhtml	Hell Tree (4)	Chapter 308: Hell Tree (4)
309	chapter-309.xhtml	Hell Tree (5)	Chapter 309: Hell Tree (5)
310	chapter-310.xhtml	Hell Tree (6)	Chapter 310: Hell Tree (6)
311	chapter-311.xhtml	Hell Tree (7)	Chapter 311: Hell Tree (7)
312	chapter-312.xhtml	Surplus Man (1)	Chapter 312: Surplus Man (1)
313	chapter-313.xhtml	Surplus Man (2)	Chapter 313: Surplus Man (2)
314	chapter-314.xhtml	Surplus Man (3)	Chapter 314: Surplus Man (3)
315	chapter-315.xhtml	Surplus Man (4)	Chapter 315: Surplus Man (4)
316	chapter-316.xhtml	Surplus Man (5)	Chapter 316: Surplus Man (5)
317	chapter-317.xhtml	Surplus Man (6)	Chapter 317: Surplus Man (6)
318	chapter-318.xhtml	Surplus Man (7)	Chapter 318: Surplus Man (7)
319	chapter-319.xhtml	Underdogma (1)	Chapter 319: Underdogma (1)
320	chapter-320.xhtml	Underdogma (2)	Chapter 320: Underdogma (2)
321	chapter-321.xhtml	Underdogma (3)	Chapter 321: Underdogma (3)
322	chapter-322.xhtml	Underdogma (4)	Chapter 322: Underdogma (4)
323	chapter-323.xhtml	Underdogma (5)	Chapter 323: Underdogma (5)
324	chapter-324.xhtml	The Shadowless King of the Black Sea (1)	Chapter 324: The Shadowless King of the Black Sea (1)
325	chapter-325.xhtml	The Shadowless King of the Black Sea (2)	Chapter 325: The Shadowless King of the Black Sea (2)
326	chapter-326.xhtml	The Shadowless King of the Black Sea (3)	Chapter 326: The Shadowless King of the Black Sea (3)
327	chapter-327.xhtml	The Shadowless King of the Black Sea (4)	Chapter 327: The Shadowless King of the Black Sea (4)
328	chapter-328.xhtml	The Shadowless King of the Black Sea (5)	Chapter 328: The Shadowless King of the Black Sea (5)
329	chapter-329.xhtml	Draw (1)	Chapter 329: Draw (1)
330	chapter-330.xhtml	Draw (2)	Chapter 330: Draw (2)
331	chapter-331.xhtml	The Mating Room (1)	Chapter 331: The Mating Room (1)
332	chapter-332.xhtml	The Mating Room (2)	Chapter 332: The Mating Room (2)
333	chapter-333.xhtml	The Mating Room (3)	Chapter 333: The Mating Room (3)
334	chapter-334.xhtml	The Mating Room (4)	Chapter 334: The Mating Room (4)
335	chapter-335.xhtml	The Mating Room (5)	Chapter 335: The Mating Room (5)
336	chapter-336.xhtml	The Mating Room (6)	Chapter 336: The Mating Room (6)
337	chapter-337.xhtml	Trap (1)	Chapter 337: Trap (1)
338	chapter-338.xhtml	Trap (2)	Chapter 338: Trap (2)
339	chapter-339.xhtml	Private Life (1)	Chapter 339: Private Life (1)
340	chapter-340.xhtml	Private Life (2)	Chapter 340: Private Life (2)
341	chapter-341.xhtml	Ballak (1)	Chapter 341: Ballak (1)
342	chapter-342.xhtml	Ballak (2)	Chapter 342: Ballak (2)
343	chapter-343.xhtml	Ballak (3)	Chapter 343: Ballak (3)
344	chapter-344.xhtml	Ballak (4)	Chapter 344: Ballak (4)
345	chapter-345.xhtml	Ballak (5)	Chapter 345: Ballak (5)
346	chapter-346.xhtml	Key man (1)	Chapter 346: Key man (1)
347	chapter-347.xhtml	Key man (2)	Chapter 347: Key man (2)
348	chapter-348.xhtml	Key man (3)	Chapter 348: Key man (3)
349	chapter-349.xhtml	Outside the Tower (1)	Chapter 349: Outside the Tower (1)
350	chapter-350.xhtml	Outside the Tower (2)	Chapter 350: Outside the Tower (2)
351	chapter-351.xhtml	Outside the Tower (3)	Chapter 351: Outside the Tower (3)
352	chapter-352.xhtml	Outside the Tower (4)	Chapter 352: Outside the Tower (4)
353	chapter-353.xhtml	Outside the Tower (5)	Chapter 353: Outside the Tower (5)
354	chapter-354.xhtml	Crime and Punishment (1)	Chapter 354: Crime and Punishment (1)
355	chapter-355.xhtml	Crime and Punishment (2)	Chapter 355: Crime and Punishment (2)
356	chapter-356.xhtml	Crime and Punishment (3)	Chapter 356: Crime and Punishment (3)
357	chapter-357.xhtml	Voluntary Escort (1)	Chapter 357: Voluntary Escort (1)
358	chapter-358.xhtml	Voluntary Escort (2)	Chapter 358: Voluntary Escort (2)
359	chapter-359.xhtml	Voluntary Escort (3)	Chapter 359: Voluntary Escort (3)
360	chapter-360.xhtml	Voluntary Escort (4)	Chapter 360: Voluntary Escort (4)
361	chapter-361.xhtml	Ghost Castle of the Ultra-Deep Sea (1)	Chapter 361: Ghost Castle of the Ultra-Deep Sea (1)
362	chapter-362.xhtml	Ghost Castle of the Ultra-Deep Sea (2)	Chapter 362: Ghost Castle of the Ultra-Deep Sea (2)
363	chapter-363.xhtml	Ghost Castle of the Ultra-Deep Sea (3)	Chapter 363: Ghost Castle of the Ultra-Deep Sea (3)
364	chapter-364.xhtml	The Underground Extension Construction (1)	Chapter 364: The Underground Extension Construction (1)
365	chapter-365.xhtml	The Underground Extension Construction (2)	Chapter 365: The Underground Extension Construction (2)
366	chapter-366.xhtml	The Underground Extension Construction (3)	Chapter 366: The Underground Extension Construction (3)
367	chapter-367.xhtml	The Servant (1)	Chapter 367: The Servant (1)
368	chapter-368.xhtml	The Servant (2)	Chapter 368: The Servant (2)
369	chapter-369.xhtml	Solitary Confinement (1)	Chapter 369: Solitary Confinement (1)
370	chapter-370.xhtml	Solitary Confinement (2)	Chapter 370: Solitary Confinement (2)
371	chapter-371.xhtml	Sucker Shark (1)	Chapter 371: Sucker Shark (1)
372	chapter-372.xhtml	Sucker Shark (2)	Chapter 372: Sucker Shark (2)
373	chapter-373.xhtml	Poseidon (1)	Chapter 373: Poseidon (1)
374	chapter-374.xhtml	Poseidon (2)	Chapter 374: Poseidon (2)
375	chapter-375.xhtml	The Hounds of Nouvelle Vague (1)	Chapter 375: The Hounds of Nouvelle Vague (1)
376	chapter-376.xhtml	The Hounds of Nouvelle Vague (2)	Chapter 376: The Hounds of Nouvelle Vague (2)
377	chapter-377.xhtml	The Hounds of Nouvelle Vague (3)	Chapter 377: The Hounds of Nouvelle Vague (3)
378	chapter-378.xhtml	The Hound of the Nouvelle Vague (4)	Chapter 378: The Hound of the Nouvelle Vague (4)
379	chapter-379.xhtml	The Hounds of Nouvelle Vague (5)	Chapter 379: The Hounds of Nouvelle Vague (5)
380	chapter-380.xhtml	Kennel (1)	Chapter 380: Kennel (1)
381	chapter-381.xhtml	Kennel (2)	Chapter 381: Kennel (2)
382	chapter-382.xhtml	Kennel (3)	Chapter 382: Kennel (3)
383	chapter-383.xhtml	The Rotten Dog of Nouvelle Vague (1)	Chapter 383: The Rotten Dog of Nouvelle Vague (1)
384	chapter-384.xhtml	The Rotten Dog of Nouvelle Vague (2)	Chapter 384: The Rotten Dog of Nouvelle Vague (2)
385	chapter-385.xhtml	The Rotten Dog of Nouvelle Vague (3)	Chapter 385: The Rotten Dog of Nouvelle Vague (3)
386	chapter-386.xhtml	The Rotten Dog of Nouvelle Vague (4)	Chapter 386: The Rotten Dog of Nouvelle Vague (4)
387	chapter-387.xhtml	The Rotten Dog of Nouvelle Vague (5)	Chapter 387: The Rotten Dog of Nouvelle Vague (5)
388	chapter-388.xhtml	The Worst Torture (1)	Chapter 388: The Worst Torture (1)
389	chapter-389.xhtml	The Worst Torture (2)	Chapter 389: The Worst Torture (2)
390	chapter-390.xhtml	The Worst Torture (3)	Chapter 390: The Worst Torture (3)
391	chapter-391.xhtml	The Worst Torture (4)	Chapter 391: The Worst Torture (4)
392	chapter-392.xhtml	The Worst Torture (5)	Chapter 392: The Worst Torture (5)
393	chapter-393.xhtml	The Worst Torture (6)	Chapter 393: The Worst Torture (6)
394	chapter-394.xhtml	Dead Man Walking (1)	Chapter 394: Dead Man Walking (1)
395	chapter-395.xhtml	Dead Man Walking (2)	Chapter 395: Dead Man Walking (2)
396	chapter-396.xhtml	Dead Man Walking (3)	Chapter 396: Dead Man Walking (3)
397	chapter-397.xhtml	Black Tongue (1)	Chapter 397: Black Tongue (1)
398	chapter-398.xhtml	Black Tongue (2)	Chapter 398: Black Tongue (2)
399	chapter-399.xhtml	Black Tongue (3)	Chapter 399: Black Tongue (3)
400	chapter-400.xhtml	Black Tongue (4)	Chapter 400: Black Tongue (4)
401	chapter-401.xhtml	Jailbreaker (1)	Chapter 401: Jailbreaker (1)
402	chapter-402.xhtml	Jailbreaker (2)	Chapter 402: Jailbreaker (2)
403	chapter-403.xhtml	Jailbreaker (3)	Chapter 403: Jailbreaker (3)
404	chapter-404.xhtml	Jailbreaker (4)	Chapter 404: Jailbreaker (4)
405	chapter-405.xhtml	Jailbreaker (5)	Chapter 405: Jailbreaker (5)
406	chapter-406.xhtml	Jailbreaker (6)	Chapter 406: Jailbreaker (6)
407	chapter-407.xhtml	End game (1)	Chapter 407: End game (1)
408	chapter-408.xhtml	End game (2)	Chapter 408: End game (2)
409	chapter-409.xhtml	End game (3)	Chapter 409: End game (3)
410	chapter-410.xhtml	End game (4)	Chapter 410: End game (4)
411	chapter-411.xhtml	End game (5)	Chapter 411: End game (5)
412	chapter-412.xhtml	End game (6)	Chapter 412: End game (6)
413	chapter-413.xhtml	End game (7)	Chapter 413: End game (7)
414	chapter-414.xhtml	End game (8)	Chapter 414: End game (8)
415	chapter-415.xhtml	End game (9)	Chapter 415: End game (9)
416	chapter-416.xhtml	End game (10)	Chapter 416: End game (10)
417	chapter-417.xhtml	Goodbye Nouvelle Vague (1)	Chapter 417: Goodbye Nouvelle Vague (1)
418	chapter-418.xhtml	Goodbye Nouvelle Vague (2)	Chapter 418: Goodbye Nouvelle Vague (2)
419	chapter-419.xhtml	Goodbye Nouvelle Vague (3)	Chapter 419: Goodbye Nouvelle Vague (3)
420	chapter-420.xhtml	How to Live as a Wandering Knight (1)	Chapter 420: How to Live as a Wandering Knight (1)
421	chapter-421.xhtml	How to Live as a Wandering Knight (2)	Chapter 421: How to Live as a Wandering Knight (2)
422	chapter-422.xhtml	How to Live as a Wandering Knight (3)	Chapter 422: How to Live as a Wandering Knight (3)
423	chapter-423.xhtml	The Night Walkers (1)	Chapter 423: The Night Walkers (1)
424	chapter-424.xhtml	The Night Walkers (2)	Chapter 424: The Night Walkers (2)
425	chapter-425.xhtml	The Night Walkers (3)	Chapter 425: The Night Walkers (3)
426	chapter-426.xhtml	The Night Walkers (4)	Chapter 426: The Night Walkers (4)
427	chapter-427.xhtml	The Night Walkers (5)	Chapter 427: The Night Walkers (5)
428	chapter-428.xhtml	The Lion King (1)	Chapter 428: The Lion King (1)
429	chapter-429.xhtml	The Lion King (2)	Chapter 429: The Lion King (2)
430	chapter-430.xhtml	The Lion King (3)	Chapter 430: The Lion King (3)
431	chapter-431.xhtml	The Lion King (4)	Chapter 431: The Lion King (4)
432	chapter-432.xhtml	The Returned Hound (1)	Chapter 432: The Returned Hound (1)
433	chapter-433.xhtml	The Returned Hound (2)	Chapter 433: The Returned Hound (2)
434	chapter-434.xhtml	The Returned Hound (3)	Chapter 434: The Returned Hound (3)
435	chapter-435.xhtml	Dreaming the Impossible Dream (1)	Chapter 435: Dreaming the Impossible Dream (1)
436	chapter-436.xhtml	Dreaming the Impossible Dream (2)	Chapter 436: Dreaming the Impossible Dream (2)
437	chapter-437.xhtml	Dreaming the Impossible Dream (3)	Chapter 437: Dreaming the Impossible Dream (3)
438	chapter-438.xhtml	Dreaming the Impossible Dream(4)	Chapter 438: Dreaming the Impossible Dream(4)
439	chapter-439.xhtml	The Fall of Usher (1)	Chapter 439: The Fall of Usher (1)
440	chapter-440.xhtml	The Fall of Usher (2)	Chapter 440: The Fall of Usher (2)
441	chapter-441.xhtml	The Fall of Usher (3)	Chapter 441: The Fall of Usher (3)
442	chapter-442.xhtml	The Fall of Usher (4)	Chapter 442: The Fall of Usher (4)
443	chapter-443.xhtml	The Fall of Usher (5)	Chapter 443: The Fall of Usher (5)
444	chapter-444.xhtml	The Fall of Ushers (6)	Chapter 444: The Fall of Ushers (6)
445	chapter-445.xhtml	The Fall of Usher (7)	Chapter 445: The Fall of Usher (7)
446	chapter-446.xhtml	The Fall of Usher (8)	Chapter 446: The Fall of Usher (8)
447	chapter-447.xhtml	The Fall of Ushers (9)	Chapter 447: The Fall of Ushers (9)
448	chapter-448.xhtml	Declaration of War (1)	Chapter 448: Declaration of War (1)
449	chapter-449.xhtml	Declaration of War (2)	Chapter 449: Declaration of War (2)
450	chapter-450.xhtml	Declaration of War (3)	Chapter 450: Declaration of War (3)
451	chapter-451.xhtml	Declaration of War (4)	Chapter 451: Declaration of War (4)
452	chapter-452.xhtml	Infiltration of the water source (1)	Chapter 452: Infiltration of the water source (1)
453	chapter-453.xhtml	Infiltration of the water source (2)	Chapter 453: Infiltration of the water source (2)
454	chapter-454.xhtml	Infiltration of the Water Source (3)	Chapter 454: Infiltration of the Water Source (3)
455	chapter-455.xhtml	Infiltration of the Water Source (4)	Chapter 455: Infiltration of the Water Source (4)
456	chapter-456.xhtml	Infiltration of the Water Source (5)	Chapter 456: Infiltration of the Water Source (5)
457	chapter-457.xhtml	Infiltration of the Water Source (6)	Chapter 457: Infiltration of the Water Source (6)
458	chapter-458.xhtml	Infiltration of the Water Source (7)	Chapter 458: Infiltration of the Water Source (7)
459	chapter-459.xhtml	Infiltration of the Water Source (8)	Chapter 459: Infiltration of the Water Source (8)
460	chapter-460.xhtml	Infiltration of the Water Source (9)	Chapter 460: Infiltration of the Water Source (9)
461	chapter-461.xhtml	Infiltration of the Water Source (10)	Chapter 461: Infiltration of the Water Source (10)
462	chapter-462.xhtml	Infiltration of the Water Source (11)	Chapter 462: Infiltration of the Water Source (11)
463	chapter-463.xhtml	The Prelude to a Counterattack (1)	Chapter 463: The Prelude to a Counterattack (1)
464	chapter-464.xhtml	The Prelude to a Counterattack (2)	Chapter 464: The Prelude to a Counterattack (2)
465	chapter-465.xhtml	The Prelude to a Counterattack (3)	Chapter 465: The Prelude to a Counterattack (3)
466	chapter-466.xhtml	The Prelude to a Counterattack (4)	Chapter 466: The Prelude to a Counterattack (4)
467	chapter-467.xhtml	The Prelude to a Counterattack (5)	Chapter 467: The Prelude to a Counterattack (5)
468	chapter-468.xhtml	The Prelude to a Counterattack (6)	Chapter 468: The Prelude to a Counterattack (6)
469	chapter-469.xhtml	Tochka Annihilation Battle (1)	Chapter 469: Tochka Annihilation Battle (1)
470	chapter-470.xhtml	Tochka Annihilation Battle (2)	Chapter 470: Tochka Annihilation Battle (2)
471	chapter-471.xhtml	Tochka Annihilation Battle (3)	Chapter 471: Tochka Annihilation Battle (3)
472	chapter-472.xhtml	Tochka Annihilation Battle (4)	Chapter 472: Tochka Annihilation Battle (4)
473	chapter-473.xhtml	Tochka Annihilation Battle (5)	Chapter 473: Tochka Annihilation Battle (5)
474	chapter-474.xhtml	Knowing the Fate of My Father (1)	Chapter 474: Knowing the Fate of My Father (1)
475	chapter-475.xhtml	Knowing the Fate of My Father (2)	Chapter 475: Knowing the Fate of My Father (2)
476	chapter-476.xhtml	Tochka Annihilation Battle (6)	Chapter 476: Tochka Annihilation Battle (6)
477	chapter-477.xhtml	Downtown Naval Warfare (1)	Chapter 477: Downtown Naval Warfare (1)
478	chapter-478.xhtml	Downtown Naval Warfare (2)	Chapter 478: Downtown Naval Warfare (2)
479	chapter-479.xhtml	Downtown Naval Warfare (3)	Chapter 479: Downtown Naval Warfare (3)
480	chapter-480.xhtml	Downtown Naval Warfare (4)	Chapter 480: Downtown Naval Warfare (4)
481	chapter-481.xhtml	The Marquis of Discord (1)	Chapter 481: The Marquis of Discord (1)
482	chapter-482.xhtml	The Marquis of Discord (2)	Chapter 482: The Marquis of Discord (2)
483	chapter-483.xhtml	The Marquis of Discord (3)	Chapter 483: The Marquis of Discord (3)
484	chapter-484.xhtml	The Marquis of Discord (4)	Chapter 484: The Marquis of Discord (4)
485	chapter-485.xhtml	The Marquis of Discord (5)	Chapter 485: The Marquis of Discord (5)
486	chapter-486.xhtml	The Marquis of Discord (6)	Chapter 486: The Marquis of Discord (6)
487	chapter-487.xhtml	The Marquis of Discord (7)	Chapter 487: The Marquis of Discord (7)
488	chapter-488.xhtml	Running Hound (1)	Chapter 488: Running Hound (1)
489	chapter-489.xhtml	Running Hounds (2)	Chapter 489: Running Hounds (2)
490	chapter-490.xhtml	Running Hounds (3)	Chapter 490: Running Hounds (3)
491	chapter-491.xhtml	Running Hounds (4)	Chapter 491: Running Hounds (4)
492	chapter-492.xhtml	The Day After the Apocalypse (1)	Chapter 492: The Day After the Apocalypse (1)
493	chapter-493.xhtml	The Day After the Apocalypse (2) [END]	Chapter 493: The Day After the Apocalypse (2) [END]
