chapter	repo_file	epub_member	bytes	sha256
1	chapter-001.xhtml	OEBPS/Text/chapter-001.xhtml	10760	475fe7ffc331bc2a79255108ada508a811d104d6ec3101d2e8b9bd31aaf99382
2	chapter-002.xhtml	OEBPS/Text/chapter-002.xhtml	13483	f8b281777c3a6b7636fee8be5ca7c3722f55b0535f0c23a453dce10cdbf0b8a5
3	chapter-003.xhtml	OEBPS/Text/chapter-003.xhtml	11733	2d97fb997e88597d6c717ab02b97bf048b096c53936568d2abc6a28004d39076
4	chapter-004.xhtml	OEBPS/Text/chapter-004.xhtml	13948	9b3954220539f78e6b0bc7c0c13ed2846fce8cfe4af9004ed74f3ccb706cca0b
5	chapter-005.xhtml	OEBPS/Text/chapter-005.xhtml	15635	7ba389ee1e36d3b0beedf8c0dded8e6d863e6647a59fab9b716ec854630f53bd
6	chapter-006.xhtml	OEBPS/Text/chapter-006.xhtml	13524	e3d04aedc45bede6f35674fba1189ac452f76189c94802afe3fb818271eff938
7	chapter-007.xhtml	OEBPS/Text/chapter-007.xhtml	14550	857afae47af7eab43b52d7a578664446df0a711bfdb2d31e9184ea9d80d440cb
8	chapter-008.xhtml	OEBPS/Text/chapter-008.xhtml	12147	d0174210fffb9ee884a456e0c70d31f6c5de6620de3da01193210fcdd288d26f
9	chapter-009.xhtml	OEBPS/Text/chapter-009.xhtml	17833	bde389754e2c64cc279949fd5a6e260768af2a294a3135f826879c7f167454b7
10	chapter-010.xhtml	OEBPS/Text/chapter-010.xhtml	13733	67ab38d1c1e0fe7543833696b5147599cfaa5f796e2726bdabc22fbbe6131f20
11	chapter-011.xhtml	OEBPS/Text/chapter-011.xhtml	19160	3e33fad1699136e0baf0506c349abfd068ac7411893aeb6199753c77b90b8268
12	chapter-012.xhtml	OEBPS/Text/chapter-012.xhtml	14772	2f04dc2121d6667bab974b49dcbc49c623a9c41ae77c5f0330d55b8263db3b22
13	chapter-013.xhtml	OEBPS/Text/chapter-013.xhtml	16402	2bef27c163e103c90c2af57bd7170d4ed16782b7035e8919b14513e30865be14
14	chapter-014.xhtml	OEBPS/Text/chapter-014.xhtml	16875	35e458b6d316860a1474c08c1d2c497c2bc67119028c897e1f98601210d06db9
15	chapter-015.xhtml	OEBPS/Text/chapter-015.xhtml	12963	cb3130e17e70572a1c0eca1263cbf6d23ab48df125566db058219fa6a27486a8
16	chapter-016.xhtml	OEBPS/Text/chapter-016.xhtml	10512	92ed89fa126d4831d9bfa6f46e5955e3894aebcd5d920db51a405a104985be93
17	chapter-017.xhtml	OEBPS/Text/chapter-017.xhtml	13564	1cb05175a4d0d7b6ee2dab0e5375d566f9795188c0f3aa769e9dd156917b8c79
18	chapter-018.xhtml	OEBPS/Text/chapter-018.xhtml	16634	c5354b68df9a5adcf53fe9b10f09b06eeccee24c44ff34cb66cd688fa31c9fb1
19	chapter-019.xhtml	OEBPS/Text/chapter-019.xhtml	16038	99e5bb2f8fdd19bea162356bb1fd4ae575f89f11ed6f6273499b5f5adbbc20a0
20	chapter-020.xhtml	OEBPS/Text/chapter-020.xhtml	20555	3c67cb7b65b7f26a7a5b5c0cf1bcc52c790388c4bbd3c4b60b7ba70f7bdaa272
21	chapter-021.xhtml	OEBPS/Text/chapter-021.xhtml	10339	a19976368cb3ee715a1011f693b4cc8974cffd5efdffd8c9fe3500d9f2979bdd
22	chapter-022.xhtml	OEBPS/Text/chapter-022.xhtml	13942	09cb91279591fe68c83fe4e2408b36ff4cfbb1e475426e51d9bb7b2f82ea1f0d
23	chapter-023.xhtml	OEBPS/Text/chapter-023.xhtml	16870	5f62b41a43b91b2b1b080009083e511c814fe58fbcfba5d3306affa95e4cd020
24	chapter-024.xhtml	OEBPS/Text/chapter-024.xhtml	23485	9b1d509bf981fe70e95dff8b603033d09a2176bb1bc3c62c4bf7895cb5023de2
25	chapter-025.xhtml	OEBPS/Text/chapter-025.xhtml	14284	47d01ac94c16f3edd75ca99253ab327cf549d58a8e948430d55831a7cdf39c84
26	chapter-026.xhtml	OEBPS/Text/chapter-026.xhtml	17658	dfb2c8ea219ac2ad90e9b4a746c6ac5b367dbc057243a74e5d2e20255156e02d
27	chapter-027.xhtml	OEBPS/Text/chapter-027.xhtml	16574	329295fb2a6963b4763d8a8cbf95cafeeffdf599602e1bd795ef1eae86cdfa2a
28	chapter-028.xhtml	OEBPS/Text/chapter-028.xhtml	14343	9b834bc3ee13a55279ac292ac5e024560ae2e8c3983ef096b24bfd14608fdf9d
29	chapter-029.xhtml	OEBPS/Text/chapter-029.xhtml	13255	86b5ecd01b17db383b3a5633c4c76c05268194d8b25a78d65ade13a3b0c20db2
30	chapter-030.xhtml	OEBPS/Text/chapter-030.xhtml	14788	cf877254fa73a7e4528b89ea130a9e6405ee5522e2e3f39c608d06d046a14d7e
31	chapter-031.xhtml	OEBPS/Text/chapter-031.xhtml	13466	5ce220bf8eba375bc73d5aa67616688b0a929d9393719bffe2d5597c11220dcd
32	chapter-032.xhtml	OEBPS/Text/chapter-032.xhtml	18719	3c0fb1fdfb5727eabf9547c89e66aebd58bbe6b7ea3935ea7c8e8c09eb80ef3f
33	chapter-033.xhtml	OEBPS/Text/chapter-033.xhtml	13170	857c2e9eafa9b9f859eb6efc821de54f9cd06e443c610d1732fa848071f1f691
34	chapter-034.xhtml	OEBPS/Text/chapter-034.xhtml	20343	cc090a8b09b82a9a5626e6fb512e814ba9230b6573930c82c3d04ad684811e39
35	chapter-035.xhtml	OEBPS/Text/chapter-035.xhtml	15998	2eb51155b2186ed521e7beb9b6f439ce67dca7291c210e0a6c4064f2b3866755
36	chapter-036.xhtml	OEBPS/Text/chapter-036.xhtml	16427	aaf7990b0408ec3cebf3cbd77858fa532514528df1ca4b6025dbb67ecdda5d1e
37	chapter-037.xhtml	OEBPS/Text/chapter-037.xhtml	15991	4eaf81993c2e454ab44cbb77b1ea7b479d21eabc2cd419a52895b3775425dd94
38	chapter-038.xhtml	OEBPS/Text/chapter-038.xhtml	13896	6ce057ca2e42e3faafff0ced994e6692317086481a63aeeb805fdf0372424494
39	chapter-039.xhtml	OEBPS/Text/chapter-039.xhtml	22836	a32ab02d1e4b27e1157a90b162f94630ae461b645cbf7db1b87f326dee31c980
40	chapter-040.xhtml	OEBPS/Text/chapter-040.xhtml	18428	8e7210c3270f59a88623eba1ea2067acdff081db666449b2c83a283601d361dd
41	chapter-041.xhtml	OEBPS/Text/chapter-041.xhtml	15139	013a16b8233d36b924bd7546185614a5d1e191ff28ffc2604c25107ab06755af
42	chapter-042.xhtml	OEBPS/Text/chapter-042.xhtml	14331	29c38a81139f047f526fc25e42b2f3e1cbac7fabd917bfdc1b74cd1b3da65058
43	chapter-043.xhtml	OEBPS/Text/chapter-043.xhtml	15599	a9c8cf46968940fd370e44fe619ee5f9e1d8b9b544583bd80d4ff89202dc0510
44	chapter-044.xhtml	OEBPS/Text/chapter-044.xhtml	18020	7c8c996bb74b2e471101eb2b532d6a0bde550331c5a0e155f294d9d5a0cca71c
45	chapter-045.xhtml	OEBPS/Text/chapter-045.xhtml	19229	5d7421e5defc246ebf2d61e02e2cd6eeff47360505b2e1e3cde5201c51d59da2
46	chapter-046.xhtml	OEBPS/Text/chapter-046.xhtml	12976	9d6f4241177fe659067e50f356b0f4810537e397fb25f00a3497624534ecb8b6
47	chapter-047.xhtml	OEBPS/Text/chapter-047.xhtml	15247	82fad2e1333007020f82a2d1ca923d078250709c283243aedcbad7f1d954fc37
48	chapter-048.xhtml	OEBPS/Text/chapter-048.xhtml	15907	48b1e8241acb6bddf80351ad83e0f7ed73de2e11bf465bf5376c3670aaa2ec7d
49	chapter-049.xhtml	OEBPS/Text/chapter-049.xhtml	13309	1ea0676b0a682191542d759cd4b912b2d89cb1346c56f7701c601a577f255e84
50	chapter-050.xhtml	OEBPS/Text/chapter-050.xhtml	16038	ef5b7fd360fd555a3fb6de1d98f54ec1367231120301cba23483dd1bdb2eebf7
51	chapter-051.xhtml	OEBPS/Text/chapter-051.xhtml	13909	3c042854eb9b7ddf23cff69ac0505b399f8cdc31eafcf1a7cf99cb6ac7dc9a14
52	chapter-052.xhtml	OEBPS/Text/chapter-052.xhtml	14211	f7b1aaa767be576e2a6255226d18166ba6b0ef33944d0323a066b9e004c74f9e
53	chapter-053.xhtml	OEBPS/Text/chapter-053.xhtml	15498	1dbb04acdd0a74fce0c257afd871a4fa0ee896cdc9e76ce36a258204498d41ec
54	chapter-054.xhtml	OEBPS/Text/chapter-054.xhtml	15824	3c2bf6f5db67fa3a2a51833980bcefef9b7314ff2502d0fdda291c2d7b19a416
55	chapter-055.xhtml	OEBPS/Text/chapter-055.xhtml	15559	cfa7f4c988b5d0301a5822eeb710e5a2d03ae69fe2f8db813a57acc086c52c6a
56	chapter-056.xhtml	OEBPS/Text/chapter-056.xhtml	14628	f5303bac515b8a6bc3c0757042dfdf130df99580ff47bfec079c39aedede51f8
57	chapter-057.xhtml	OEBPS/Text/chapter-057.xhtml	11525	b74cb2c00615bdc9ab72f611e6b18fd9c1b45fd930312e641d976c1d111b79dc
58	chapter-058.xhtml	OEBPS/Text/chapter-058.xhtml	16736	8605218a257b309271c210c8af1e12035cea519519ec098ba6321ac445d66f68
59	chapter-059.xhtml	OEBPS/Text/chapter-059.xhtml	16032	f71d059425483ff691f0e0ce68d8c56f090dc07e6d247d8dd75bb46c9519954f
60	chapter-060.xhtml	OEBPS/Text/chapter-060.xhtml	15552	82c6e8364ab1865a3b0efc6a2d8fc15f5826c40f350d96f223b616d031f71acf
61	chapter-061.xhtml	OEBPS/Text/chapter-061.xhtml	15715	746f21d552b07dd68f4859ae3b1dbe5cbe2da457cf6e965055970901fe8feb2b
62	chapter-062.xhtml	OEBPS/Text/chapter-062.xhtml	16931	28c311e54041fe66b475b9e972c0957d6291695378e95d36dcd6961804e315fa
63	chapter-063.xhtml	OEBPS/Text/chapter-063.xhtml	15943	99dd30afc8d9d6cd02d0e03d41f6fff7db201bf8b8db8352315da22c24804341
64	chapter-064.xhtml	OEBPS/Text/chapter-064.xhtml	22386	3e489a4f33db5163ef699cdf919aee4a6c3e23187ff03e84fa0da58b6c29fb79
65	chapter-065.xhtml	OEBPS/Text/chapter-065.xhtml	21388	d8ff3c99890e1093c00aea3b942bb1d381986c02270b67e357c090d9ccc7ad29
66	chapter-066.xhtml	OEBPS/Text/chapter-066.xhtml	19106	d23de206d4f42e71ebcb9f0fe0053dd3d2c751d9bbefcb744706d865e6c38080
67	chapter-067.xhtml	OEBPS/Text/chapter-067.xhtml	13952	52e0d133f73c6adeb9856249ca83c9746ef507e5ed027b3abb54bce806bbca5a
68	chapter-068.xhtml	OEBPS/Text/chapter-068.xhtml	17000	8043eabce07556f67da7fd4fbe789f9b3d356a7bae9ef038c0cf8988f8d0e5df
69	chapter-069.xhtml	OEBPS/Text/chapter-069.xhtml	15539	b4bc381726502914c5974b40b19c87ee216e041550a6f858a4adf9ebf6484d49
70	chapter-070.xhtml	OEBPS/Text/chapter-070.xhtml	14702	d9e861e250ff2759f3d10724523cf78922297cabf3f8de267cadfaa7e5be6a8e
71	chapter-071.xhtml	OEBPS/Text/chapter-071.xhtml	14300	82b308821696c068a4e5c047bda01837a50e4d9767aadc2b7c302b3b44153afb
72	chapter-072.xhtml	OEBPS/Text/chapter-072.xhtml	15537	bb9510ac901f3fe78c85a65b57b2993cedc03a02e0ee7bb333cb71948ae0db6d
73	chapter-073.xhtml	OEBPS/Text/chapter-073.xhtml	13516	81748b70e80c3b70a606dfb2f993dadf494fce6e7b7f5d12fb1a95962c4468c4
74	chapter-074.xhtml	OEBPS/Text/chapter-074.xhtml	16057	4393a0c0f841098fdcbb3f5ecd1936f63b69e114b9964cadc5a31f202488cd68
75	chapter-075.xhtml	OEBPS/Text/chapter-075.xhtml	12995	89b5fe4aded7975e3e50d9eae07506dfc53b2487059c13bedad3777990a92f09
76	chapter-076.xhtml	OEBPS/Text/chapter-076.xhtml	18579	b40864d37428babc1dd1ec599397a2dbbfa9ed679d4cba472c730e1bf442a548
77	chapter-077.xhtml	OEBPS/Text/chapter-077.xhtml	13899	23e194d308a931d7528f578ad5282e7250a40f9327b701ebe519cff85315442b
78	chapter-078.xhtml	OEBPS/Text/chapter-078.xhtml	12130	6adec42cd8da37485b21ebb02e4852c4e69935f31db3a3f37d8cf2eefdb2096e
79	chapter-079.xhtml	OEBPS/Text/chapter-079.xhtml	12922	12bf8149e1f58131c593bb570f0191cd93068c449d2ecd9a44a395684f91c226
80	chapter-080.xhtml	OEBPS/Text/chapter-080.xhtml	13301	5b7b167ddbb29b006b67a7da47a1ce6f36a5bdab3c0118bba874c7101f5b95d3
81	chapter-081.xhtml	OEBPS/Text/chapter-081.xhtml	14644	770da2e044533150a1942408c29b3a54f4faa69775c173234c4d5dd82241e696
82	chapter-082.xhtml	OEBPS/Text/chapter-082.xhtml	13515	ac394663fabdd1d671eaae41d9d098a1394a739704e17454bf23e755d6b668bf
83	chapter-083.xhtml	OEBPS/Text/chapter-083.xhtml	14146	f8e8ad433ed617076e3ed7190b0e44df62aa75b95873a3cf4e2420b92af75cd3
84	chapter-084.xhtml	OEBPS/Text/chapter-084.xhtml	15197	43a371789c348bee160058fbb396b54059b7d0cbbe3d6f9eb7378fe60117e701
85	chapter-085.xhtml	OEBPS/Text/chapter-085.xhtml	12187	4d2789e5ab04516844eb88c901ff15dad5973111939fe6b67f621186f049e06e
86	chapter-086.xhtml	OEBPS/Text/chapter-086.xhtml	17735	ba3137a088c4d8017047597d2d3dcab0a55f1961cc4447ce5465ec2bdd9ef327
87	chapter-087.xhtml	OEBPS/Text/chapter-087.xhtml	14556	59e21e8323fd9f488953b29b8f4d13772fdbecfc17c3faef304d603d40e06651
88	chapter-088.xhtml	OEBPS/Text/chapter-088.xhtml	14747	872d8439e1d9cc26c4f58d247af27dc3011d6252a145ff57fcd5e4686d4f2ab7
89	chapter-089.xhtml	OEBPS/Text/chapter-089.xhtml	13088	968d23dc565740781079aff534f77c3ff3f83615e7cdee58956465b3e7c99fc7
90	chapter-090.xhtml	OEBPS/Text/chapter-090.xhtml	13971	5be5f42782e43fe9ceba87a1d44a82ff6b55489c5e69c06f2121250ffc27cb0a
91	chapter-091.xhtml	OEBPS/Text/chapter-091.xhtml	13582	116e76f7d19d381d45292cdb9b102e2973178e0b2922c7c6e4c91a092f43c378
92	chapter-092.xhtml	OEBPS/Text/chapter-092.xhtml	16992	a566a411fb97014d0e2b8bb0d385dfd3240f58e1fb530341d9b9bda017b52f19
93	chapter-093.xhtml	OEBPS/Text/chapter-093.xhtml	13492	6fd6463c2f3fb9609837b72f8b1eab052eb45476bbc6c314e05e4d2f3fbeea58
94	chapter-094.xhtml	OEBPS/Text/chapter-094.xhtml	12976	6a40531a261a2f48e05199e36da4ea92b944cca17f3c02a6fbbe967a759443f9
95	chapter-095.xhtml	OEBPS/Text/chapter-095.xhtml	12626	86c2622757f4e0aa6ad66a3e4b58ab90820d0f77f5654d84b8bfcd699740340f
96	chapter-096.xhtml	OEBPS/Text/chapter-096.xhtml	16353	fc3d74b5292a9d7692eff74f92e192a64f852e0113230a332a98bae9ba175dee
97	chapter-097.xhtml	OEBPS/Text/chapter-097.xhtml	12584	d987a03bf16c6b68e7513f20d38108802a4f0c638b257c1cfe30c4eefbc68385
98	chapter-098.xhtml	OEBPS/Text/chapter-098.xhtml	13279	81114561d33c2b47b466a17b168502ced88433df4b93aead64f97a086ead01df
99	chapter-099.xhtml	OEBPS/Text/chapter-099.xhtml	16804	9f25e80f9a1a689984b98eb1201587239fca5ce5e39c87a6ba6f94f826b8faea
100	chapter-100.xhtml	OEBPS/Text/chapter-100.xhtml	13767	08dcc5cc5e690e26fc56b72113a3e1479cc50464d35ffd6c3979e2f983faf171
101	chapter-101.xhtml	OEBPS/Text/chapter-101.xhtml	15949	adc99f74244e823be5fb19d39c523287367b19ce5e96ce68eef6aa64e8e350f4
102	chapter-102.xhtml	OEBPS/Text/chapter-102.xhtml	12515	fc6f26b98a98d71af4d642400650f4e4978a2a28c27357efa5bbd548f3b5885e
103	chapter-103.xhtml	OEBPS/Text/chapter-103.xhtml	14587	d47460de34a93f3f417b18d5c01c3a7b61fe154bb5bd86bfc5070f8fc14866e1
104	chapter-104.xhtml	OEBPS/Text/chapter-104.xhtml	13245	3127496eeb24094551fbeb5c9ba3fe91c60bf8d23923eef95add27ae831b812a
105	chapter-105.xhtml	OEBPS/Text/chapter-105.xhtml	15664	848608bad51f720b8d9de97ada15da35e795285365ae33a3d64807844002bb37
106	chapter-106.xhtml	OEBPS/Text/chapter-106.xhtml	14504	1f37ef67fbccd27a1ae5c94af69561f4c336e5efbcd7db1f798797da66cf8458
107	chapter-107.xhtml	OEBPS/Text/chapter-107.xhtml	22566	9a2ddd155277284d6979410983c1c739d728b0f83c4cd2bddbacc09d9913e177
108	chapter-108.xhtml	OEBPS/Text/chapter-108.xhtml	16646	b0e1d5f6bebb063982db0be13c5b9a01927bdb7d99640df01cc5a1f1325ff448
109	chapter-109.xhtml	OEBPS/Text/chapter-109.xhtml	13644	887f6e1ee557052b79614c9f27bf38b560c8cdb2c978bedbf66e30a6893cd3b7
110	chapter-110.xhtml	OEBPS/Text/chapter-110.xhtml	23964	402e20bc8297615252530cbfee1baf0a8a391fb15f3570e297fe38e653fa9906
111	chapter-111.xhtml	OEBPS/Text/chapter-111.xhtml	13485	be032c6544b03ca1686b64373b66a1934ab44a30a4b75a08170281e56f380220
112	chapter-112.xhtml	OEBPS/Text/chapter-112.xhtml	13446	56f90838800a39ca18829f858028b43181bdca19a4d6ab77adfac7a2130ce8b2
113	chapter-113.xhtml	OEBPS/Text/chapter-113.xhtml	13311	1d42134eb94038f9b443c17164e28ea55399a4dab1e75e2dea614db5dd0c3c0c
114	chapter-114.xhtml	OEBPS/Text/chapter-114.xhtml	18041	e8401ec55362faecc60614a8422634207e6717594eecbfef5beb9ce8be1d171d
115	chapter-115.xhtml	OEBPS/Text/chapter-115.xhtml	14654	09639eaa2bfacd5430d483dc0737697df2a4651560114d1bd851d2534852231a
116	chapter-116.xhtml	OEBPS/Text/chapter-116.xhtml	17308	d0a484a151ace5e2118b1afd4f0b757ddaf64007201f65393f64ca95588f3af9
117	chapter-117.xhtml	OEBPS/Text/chapter-117.xhtml	14866	75a45b4ab3998c851dd1056a2d1ccdc721e45e99b9a6f716a3b699f08aab1f82
118	chapter-118.xhtml	OEBPS/Text/chapter-118.xhtml	14263	4ea9ef7602b93179a3fd656640a3b78dee4722c95246d2fbdef466ec5a2bf397
119	chapter-119.xhtml	OEBPS/Text/chapter-119.xhtml	13612	98b1a1d7bd4b82507bf915b3678c7a7c577aba36fc253d1cb1c112ab95e20eda
120	chapter-120.xhtml	OEBPS/Text/chapter-120.xhtml	15079	1e32b338667baeefe6c97ba46e4718fd5dc6747a2eaa55f5c9efb7dfd096031a
121	chapter-121.xhtml	OEBPS/Text/chapter-121.xhtml	14711	70ddaef64f49ebf9e2b8ae87bad80328eb714e101adafca2a808a854f8917f13
122	chapter-122.xhtml	OEBPS/Text/chapter-122.xhtml	14135	31ddcca3f090370a9f4af1b28e5d9262857dcc50c6378587603fc7e6d9e76fb2
123	chapter-123.xhtml	OEBPS/Text/chapter-123.xhtml	17648	82d71dafe9814194f533a9d9e2277833a53a2165b673da0d0984a42e74d20043
124	chapter-124.xhtml	OEBPS/Text/chapter-124.xhtml	13083	b1c43c32872ba81cdf9d9de338d583736e8754fa1299adcb823ff199e4d5e43f
125	chapter-125.xhtml	OEBPS/Text/chapter-125.xhtml	12913	75f323aaba62bf2224288522e78f2f4291341373ca4e7e04f6c17c13bcc7ac34
126	chapter-126.xhtml	OEBPS/Text/chapter-126.xhtml	16453	301daebdc877ac6eeca58fde3927cb68fcc7a968bc733130332a54bb6943d4f6
127	chapter-127.xhtml	OEBPS/Text/chapter-127.xhtml	13184	a7ab5e526059a81b3b7cd4865371a4b5cc8ad19d6450e38829475ab060552d04
128	chapter-128.xhtml	OEBPS/Text/chapter-128.xhtml	19531	3d397280c8f019c3b8303b9fc1bb45ce09ca6ce324f76b07016afc5c9cdaf0c2
129	chapter-129.xhtml	OEBPS/Text/chapter-129.xhtml	15974	2c3fbe5e7391f426bb3e382812d966ef5386236f21785a30c5f1e90cab719235
130	chapter-130.xhtml	OEBPS/Text/chapter-130.xhtml	15303	37f035b0e370b9e33a071b342c557e5443fd1bec2071e671c9c764a6ed3ca4c4
131	chapter-131.xhtml	OEBPS/Text/chapter-131.xhtml	14598	3ba3ba3719ced45684ad658629bcfd7186e60f19f60cd457b9cd8f04c518d071
132	chapter-132.xhtml	OEBPS/Text/chapter-132.xhtml	19893	c3a48edbc946e2656b334dd1ce8d81025fa66bf10f89cd3d7384230cbb51e565
133	chapter-133.xhtml	OEBPS/Text/chapter-133.xhtml	12040	def14de95cd4c78f04e2b19850718b69e259866da59a5d13eb20b173e03dddec
134	chapter-134.xhtml	OEBPS/Text/chapter-134.xhtml	16835	461d36dcb295049574abf7af3d976ad2293b5f675371745dc062388c67f293e5
135	chapter-135.xhtml	OEBPS/Text/chapter-135.xhtml	14618	a9a73a02e9e8215fd52e6105c2843ddb3bd3084179ff477308090207c1eed97f
136	chapter-136.xhtml	OEBPS/Text/chapter-136.xhtml	17618	4bd367264222bab260cf5cf4d7ad570ef838519a8e2c8d45e1e72d3f810823f8
137	chapter-137.xhtml	OEBPS/Text/chapter-137.xhtml	19767	6fa0ac8f3ca209d97b2ba1f121f62e48b3e18892e8852678d0ed7c6cf195d4a7
138	chapter-138.xhtml	OEBPS/Text/chapter-138.xhtml	17979	e6de8b15fda74eb69aacd6c6890c299816ea8d6befd2c1ae1974af47bfe382dd
139	chapter-139.xhtml	OEBPS/Text/chapter-139.xhtml	18052	47d19f2b27396d24a11d2ca6024deb67cf60381fcf6c7c0f82507aafc91616fa
140	chapter-140.xhtml	OEBPS/Text/chapter-140.xhtml	18510	a5aa23effaaf7b5c5db0272be2cfd9105146bbf59eb385833e6e5608b8a187c8
141	chapter-141.xhtml	OEBPS/Text/chapter-141.xhtml	17332	1d3006e77a3306f318e0d3fd83492d02caad737bb2423e9df149812ec7d1674f
142	chapter-142.xhtml	OEBPS/Text/chapter-142.xhtml	17135	b13c666c950f3d9375cd761bda8b92871fd19e3ef117aad19ea01181e2c188c7
143	chapter-143.xhtml	OEBPS/Text/chapter-143.xhtml	12518	ae0facce0e17c41c3e0b034adcf31b0971c77a53debcf34146541976dca48b40
144	chapter-144.xhtml	OEBPS/Text/chapter-144.xhtml	16038	28fa400110f4861ef6164de4fe46d3c5f3007f613b9084851b35ebfe899dc14f
145	chapter-145.xhtml	OEBPS/Text/chapter-145.xhtml	14899	d8fe51541a10379729f955deba53f0539f75b54ab5deae8f731615c5ffeaad71
146	chapter-146.xhtml	OEBPS/Text/chapter-146.xhtml	15033	1170929f95d83d12ab438ba57e7690f384a2ce277787cca80f4454cf4775e1d7
147	chapter-147.xhtml	OEBPS/Text/chapter-147.xhtml	15385	ffef3effb7b4e3b4c483c425f4f5f67c464fced40b7356811938d0ba7f0a2500
148	chapter-148.xhtml	OEBPS/Text/chapter-148.xhtml	21753	2ba46b961147744d5c7c8befea5c31b016014949f6de593acd409c5ade5c183e
149	chapter-149.xhtml	OEBPS/Text/chapter-149.xhtml	15243	4aae882824036f565cac6053be17c2c17913e3715e39772c10e56ebbff15735c
150	chapter-150.xhtml	OEBPS/Text/chapter-150.xhtml	13595	afc140c4d89d64f62ec1331fbd51f7d573e2e893dca483f101f975a352fba09d
151	chapter-151.xhtml	OEBPS/Text/chapter-151.xhtml	16230	a67be82ae690e41cbb42d2c986b9b260c0ba7b928ecf76c212c93bb0209b0de6
152	chapter-152.xhtml	OEBPS/Text/chapter-152.xhtml	15131	9e69370675ec0a64c5d26245fc0a98488ecf131dad837af46c318c15409a3f05
153	chapter-153.xhtml	OEBPS/Text/chapter-153.xhtml	19568	3fb2151a0186e14ec64cf7bdc0755036f8739d187e40fc0d0056c96f96ee05b4
154	chapter-154.xhtml	OEBPS/Text/chapter-154.xhtml	11640	e229b7ca8e664c408249abb0e1e10ff995a7393b124686844de6b25735cd0ccd
155	chapter-155.xhtml	OEBPS/Text/chapter-155.xhtml	12348	10f69aa94fc21f7b949ffe59d470f24da39bdbff99f34de8fdf6181acc137f5c
156	chapter-156.xhtml	OEBPS/Text/chapter-156.xhtml	12790	5140fd9436f56fa5753446e66d339254f2103fc56bf0b78124409fbfec11855e
157	chapter-157.xhtml	OEBPS/Text/chapter-157.xhtml	14685	bacb8a0cc09f6e154bf346c7545769941c2ad9f8fd30c3771eebea545b88898c
158	chapter-158.xhtml	OEBPS/Text/chapter-158.xhtml	13594	0f0735cf88ff49ee8de034e7b7a99b6edc8fe2b1c1fa5f53d5b06d6dab90db71
159	chapter-159.xhtml	OEBPS/Text/chapter-159.xhtml	17548	3853a61357f400d87eee391f6c74e5e61cb1674c055dd26b0644b1b679891ff1
160	chapter-160.xhtml	OEBPS/Text/chapter-160.xhtml	14443	ebc9b3516142cfdabcd99a27b7d393ff3a6ec0a2dead967c5aca4e44dea9b4ac
161	chapter-161.xhtml	OEBPS/Text/chapter-161.xhtml	15965	730e75fd9ed342e0f6a65565d27edca8daa1856f8557a7759a0b6690556c0ece
162	chapter-162.xhtml	OEBPS/Text/chapter-162.xhtml	19228	ccce0b0a8e47cc270a6281dad60768a7da2ebce9299054e392ab17cc4fef5d2c
163	chapter-163.xhtml	OEBPS/Text/chapter-163.xhtml	17337	4aee677e82617aff14dee7493327e92b6242003c42f1304192f70f6596e03948
164	chapter-164.xhtml	OEBPS/Text/chapter-164.xhtml	12449	794e55d6f65670a9a47dfd97916b175c81d214049f54bec73f759466a857ff87
165	chapter-165.xhtml	OEBPS/Text/chapter-165.xhtml	14802	0d64d28624da0fd61aabcc965f18ad0a477c1fdb9ec00d95229d11cf4e40c04c
166	chapter-166.xhtml	OEBPS/Text/chapter-166.xhtml	15067	9174d1e36c7df5f47c8ef9a530e3e9817d69776fc50f47a5d6fccaa64514542b
167	chapter-167.xhtml	OEBPS/Text/chapter-167.xhtml	12070	cb5e79cf6e0004c12e279c5909031fee6d70d39b2fdff564ca62ed54509e45b4
168	chapter-168.xhtml	OEBPS/Text/chapter-168.xhtml	16356	21d47219d6fd2e2fe2c04887c7bc710afd0cf92fb2a531ca822cbbed6f7f7926
169	chapter-169.xhtml	OEBPS/Text/chapter-169.xhtml	16307	f2a40126ed138839ecadd278de9a58ec08c8f844066f9af4dc149a77f9272e4e
170	chapter-170.xhtml	OEBPS/Text/chapter-170.xhtml	18819	f7556b6d15fae75ed1425d3d0ebc4d9c459440580d9f03a84d03a59f7067c6a3
171	chapter-171.xhtml	OEBPS/Text/chapter-171.xhtml	18510	c115c49e977e62f14cca59681e9561f1c61e9cbd2f50c7ae15e514b80b109908
172	chapter-172.xhtml	OEBPS/Text/chapter-172.xhtml	18936	8aabed337c83c8c1e1a7786c01a1be4ca57bb1ec7845cd2058e68220a5f84ddb
173	chapter-173.xhtml	OEBPS/Text/chapter-173.xhtml	12978	dbeb2cb10646bcc56ffb4b5607bd56408fe6f4e3ed1326159b448f21ffc1e36b
174	chapter-174.xhtml	OEBPS/Text/chapter-174.xhtml	14288	4cb92dd1a93b35b07aa52cad6e3065452babf290d6ad0dfda9f0b55c66d7d199
175	chapter-175.xhtml	OEBPS/Text/chapter-175.xhtml	15730	e7a262fe118361171c80faf54dcea8dccefa58f8d4182cbe8b1d3467ab7770fb
176	chapter-176.xhtml	OEBPS/Text/chapter-176.xhtml	15471	b4f7bbaac4bdc8e889ddebbf63a04b0c79b440956b951e48c289d57e5ca4f099
177	chapter-177.xhtml	OEBPS/Text/chapter-177.xhtml	14672	2571ece50c0b797e46a73b044346e9660051dbf3c1363009f1af3e48e739171a
178	chapter-178.xhtml	OEBPS/Text/chapter-178.xhtml	16127	39a478c1e1056b88ed7c66f6500a49d57d8243f7fa5569c7ce768cb737be0857
179	chapter-179.xhtml	OEBPS/Text/chapter-179.xhtml	20990	35b0cce3767189ba886039d1b68720a132d9c9c53e16af1576fa84d264c1ae68
180	chapter-180.xhtml	OEBPS/Text/chapter-180.xhtml	17088	015282a605d8f3ed51bc017e1f44779aa14882fe33ff8c061bc42ea375674348
181	chapter-181.xhtml	OEBPS/Text/chapter-181.xhtml	14608	acdf2ced1ccc3dcf5f727b061922524e2862fb95fc7b34fcbf3e62e1f434a256
182	chapter-182.xhtml	OEBPS/Text/chapter-182.xhtml	13647	94eb7f7aeac36d55e7d7a2508e74972e7166c47c92feac5fb88c0002a24034c1
183	chapter-183.xhtml	OEBPS/Text/chapter-183.xhtml	15413	cf55086febab5df2363237a775170cd574221e011fa6739f36b9215bbf60b430
184	chapter-184.xhtml	OEBPS/Text/chapter-184.xhtml	14399	90f0ba7f6b05f050905d7f44625612a683d394a065bb96fc6a1eb622187a835e
185	chapter-185.xhtml	OEBPS/Text/chapter-185.xhtml	20694	ccf312988c0cf032bb2929e0d18c5bd5c921da49c2ea552beae432063bfbc381
186	chapter-186.xhtml	OEBPS/Text/chapter-186.xhtml	16176	5f2d580622a7ebb064e301510bf0be46f1e58d88d157326d0a4914ea970c6db0
187	chapter-187.xhtml	OEBPS/Text/chapter-187.xhtml	14548	b0c4bdf654db426fc886a2272c915b070a3c2320df828ad34832f7cbacd5d4f0
188	chapter-188.xhtml	OEBPS/Text/chapter-188.xhtml	17054	ab845d10b5c26be86d0fd0281b210b746fec6a4452789ccbb71d0e62a99455a6
189	chapter-189.xhtml	OEBPS/Text/chapter-189.xhtml	12886	c208ad0cb8037055aeb6d9cf246108bed7e06bd0f08605d3ccea58223ff861df
190	chapter-190.xhtml	OEBPS/Text/chapter-190.xhtml	17427	2099957d7cf8be437dc2fa42bb6b82aae2323971ba94e9dc574ff489917d6bfd
191	chapter-191.xhtml	OEBPS/Text/chapter-191.xhtml	20214	3a0c6860a6bfb6c2bbe9e5c147e6d37f84bd2fa64d72639d73bef79f3e93780c
192	chapter-192.xhtml	OEBPS/Text/chapter-192.xhtml	12865	423a0901dfcd9bec0d015ca9be9d9ad7ab924ec08cea2205f46f98d64e2ef556
193	chapter-193.xhtml	OEBPS/Text/chapter-193.xhtml	14928	b9e738a5df0272434f7095a8da30f94c3158f34af19a7b4005731d27c7d45171
194	chapter-194.xhtml	OEBPS/Text/chapter-194.xhtml	27249	38f700b2befca8ca56352cb25048d6ba92c96471674c9b5f4eab611e3f175c68
195	chapter-195.xhtml	OEBPS/Text/chapter-195.xhtml	28217	c6668dec01b6362f8c0fca599553605acc71933e4f797252106ef4c0357db17d
196	chapter-196.xhtml	OEBPS/Text/chapter-196.xhtml	12788	de85c8983f8e4c4058a4569f890779aa04ebd96e98263b73e47f4c43aa7edd2a
197	chapter-197.xhtml	OEBPS/Text/chapter-197.xhtml	15195	bff95edd5289a1e4799e380ae4ac1d514b7a0ed6e0c2b95baf49c92950644a4e
198	chapter-198.xhtml	OEBPS/Text/chapter-198.xhtml	15260	4b00f610ddb4b149b6673605994987352d15a4fc4776214c76b2ab035f5fa0cf
199	chapter-199.xhtml	OEBPS/Text/chapter-199.xhtml	13998	8dd67a7bf0d5436bf82353be208adc1c0457ff38dcf5500f2d3e1ce902bf54f9
200	chapter-200.xhtml	OEBPS/Text/chapter-200.xhtml	13755	2f780d775cdb1a5c05ea22ab054affe43684d6c1867722019663622ff7c5f68f
201	chapter-201.xhtml	OEBPS/Text/chapter-201.xhtml	13506	6dd3487635dc9c8dafabe832753921a44cea3def37d15a2f21b60fb40a15702e
202	chapter-202.xhtml	OEBPS/Text/chapter-202.xhtml	15720	22aa4dd5efafa2c22d43e235ccc35004bb54da34dc38ced55c4b89d6501cde25
203	chapter-203.xhtml	OEBPS/Text/chapter-203.xhtml	15257	e77b4647d7dc68811d5b8e497ee62400d1817234e15611e0c0ae5968aead62a7
204	chapter-204.xhtml	OEBPS/Text/chapter-204.xhtml	14471	26938d180612d2b28c8ebfef2e61c2d27e3ce8f98763274a10323d7664e0884d
205	chapter-205.xhtml	OEBPS/Text/chapter-205.xhtml	16094	1c22cdde638d31e6d4295a28a662151da8ce32199c44f96a045bd30584e3ec13
206	chapter-206.xhtml	OEBPS/Text/chapter-206.xhtml	14917	d8b1592571a55a21d34d042cd3e00dab6e3e925254bdfca889ee64a2200b9125
207	chapter-207.xhtml	OEBPS/Text/chapter-207.xhtml	14587	802a9d1e37e6e24980401f2313ccbe2b721e9cb4cb29c1986b0c66a78201f507
208	chapter-208.xhtml	OEBPS/Text/chapter-208.xhtml	12471	6d057b452c0e9f9267706ce13299599817821b69a8d8e0ebe3742ccf13a2d54d
209	chapter-209.xhtml	OEBPS/Text/chapter-209.xhtml	14695	912214db3b853ec212c1d9ec58323df4a8efa5843bcbf83aafa95ec7c1e9e5cb
210	chapter-210.xhtml	OEBPS/Text/chapter-210.xhtml	13178	3ae6cda6712f33a01b4eddd0a47b9faaaa288bb743e80466cc4aa5a573fba36c
211	chapter-211.xhtml	OEBPS/Text/chapter-211.xhtml	13321	cd8559cf57f2c0c3237f2d75ee825329d823abc51aff76501c0452ea46f8b9ec
212	chapter-212.xhtml	OEBPS/Text/chapter-212.xhtml	16387	73f2c3e94c81473ef9c7e72dc54b580bb32af873009bed5f246001c46b082a28
213	chapter-213.xhtml	OEBPS/Text/chapter-213.xhtml	13992	ac54797f4bcd1b510bf32609f0a4aa20212856f7a4ef35cff1f2f7bfb53da917
214	chapter-214.xhtml	OEBPS/Text/chapter-214.xhtml	18547	58b5797a40cf808003bc4579e699b4be466123c802b182a1bc019eafe435d1dc
215	chapter-215.xhtml	OEBPS/Text/chapter-215.xhtml	14595	183ae70e8909b40db3674821b865e9540976e78c56015acda2076dc431b0a720
216	chapter-216.xhtml	OEBPS/Text/chapter-216.xhtml	13390	f991dcc282b64a5d9c5bafa1882658b1d1015014668330c5a41d3a06a40707c3
217	chapter-217.xhtml	OEBPS/Text/chapter-217.xhtml	17409	c5ff1bbbe6b79619843739d6448d4daea9cd79ace975511fd3e5df6906d58e5e
218	chapter-218.xhtml	OEBPS/Text/chapter-218.xhtml	17178	16837b9ab40e07840373dbe69b5f3875754b07196e07d56d389b8e140242c491
219	chapter-219.xhtml	OEBPS/Text/chapter-219.xhtml	13368	27ea6bf9118bfdab0fb6190c7309231025db1ee3168f7ecc8f37ac143921ecc0
220	chapter-220.xhtml	OEBPS/Text/chapter-220.xhtml	18953	1a62e2416af053b47786bfb8259ef1a32e88aa0a4ab1a07768dfbd19d63da6ab
221	chapter-221.xhtml	OEBPS/Text/chapter-221.xhtml	15959	aac0e0266fa0b4a9f339f39b4bd7532c375eeaa48579803ac34f1130f84f1b9d
222	chapter-222.xhtml	OEBPS/Text/chapter-222.xhtml	21328	edea5d5b910e6372b6d8e318fed24098f588a55a3bc4ed46ea0549e8f11a8212
223	chapter-223.xhtml	OEBPS/Text/chapter-223.xhtml	17082	84e7a9f1e36f12e1083bc4cb52773120784c79ec1d89eca32443d12b208acfb1
224	chapter-224.xhtml	OEBPS/Text/chapter-224.xhtml	13627	d7f99b8eba90dc6a648d33c7dc698a4ac05d9d4acdeffb5503b9f2eb3a561f98
225	chapter-225.xhtml	OEBPS/Text/chapter-225.xhtml	13767	690829af253850816738fc94aa3571854a5acf25de5eb343880ca59c2b3c7186
226	chapter-226.xhtml	OEBPS/Text/chapter-226.xhtml	16043	4c96aec60f1ffdd8c8f13fe32b718be67c9032f171ec7dba7a27153adab03c8c
227	chapter-227.xhtml	OEBPS/Text/chapter-227.xhtml	15195	a21db04c2d6486581e79beebd1b6b0070bdae770246105d4da477bdda5dde4a7
228	chapter-228.xhtml	OEBPS/Text/chapter-228.xhtml	15681	8684036947a4f6f62bc4af8fbd9c63e79c8e2124febf6621ead00f43e3d7a6f7
229	chapter-229.xhtml	OEBPS/Text/chapter-229.xhtml	13939	1cd3ae75d2496b62c8fbbe01dfcb468dc14eb4c22d609695606b8228c84d81e7
230	chapter-230.xhtml	OEBPS/Text/chapter-230.xhtml	17226	5a0789a3f98489a9d395af452083bcc6d019936f51dcfd83ed37111cb499291f
231	chapter-231.xhtml	OEBPS/Text/chapter-231.xhtml	13948	1269ffe10bfd4b53c28b8f827df58050504355ed963f1ed7b41e840e1e1b83a4
232	chapter-232.xhtml	OEBPS/Text/chapter-232.xhtml	17209	4fb17df9fba398b5d9d7b5c3ee09e4c36f3bf3654c2031a15cf798add0238bef
233	chapter-233.xhtml	OEBPS/Text/chapter-233.xhtml	19708	a85fe5e5832d0846fac6e88b5d4ae4d7cfd0eaead230b82e5e44aaa94d5eb485
234	chapter-234.xhtml	OEBPS/Text/chapter-234.xhtml	15370	588a754c8f0eed1cbb1733eebc8ac32c4fd410d9f4f14c10dee485d7e0d0be95
235	chapter-235.xhtml	OEBPS/Text/chapter-235.xhtml	14384	5bb9c374cf963a767532c47905934e763610c8dda0cc15dde7ee660e1b091ee7
236	chapter-236.xhtml	OEBPS/Text/chapter-236.xhtml	15718	0f4fff97d585e4758deb2f0eac4456534fbb9a023b46950ce70efd40f0b7fa00
237	chapter-237.xhtml	OEBPS/Text/chapter-237.xhtml	15725	cdf5752fdeb2ab75693ef643b69c716fe937acc2e750b60d23678c8dc85db4b3
238	chapter-238.xhtml	OEBPS/Text/chapter-238.xhtml	16262	7ab13428a11c6c3da196b4615209e6df89775d8dce17b14030a06fd0dc497c42
239	chapter-239.xhtml	OEBPS/Text/chapter-239.xhtml	18423	129c3c88496a1b61c3749f7a8597cb0f42da709346d5fd67bc219855807ef072
240	chapter-240.xhtml	OEBPS/Text/chapter-240.xhtml	17330	94aa56c4291bbc9075dc36f0b11ebc25fea3825ed71212bec112187e96c72b1c
241	chapter-241.xhtml	OEBPS/Text/chapter-241.xhtml	16134	da214a7c102db920544638a39094d32a813e88f34cf63ca27904c9c47fd8ea51
242	chapter-242.xhtml	OEBPS/Text/chapter-242.xhtml	19370	70129b6d8194fbacd3c023c898a8af7e8c0a9c16f7c50d03e1a97199ac34c457
243	chapter-243.xhtml	OEBPS/Text/chapter-243.xhtml	15896	31362c5680be2e8bf6830ae4c2cdc36f5339d8dcede0cfdd7f1ba436c8f89226
244	chapter-244.xhtml	OEBPS/Text/chapter-244.xhtml	14472	8c90f844a65dd65484d24230c956fcbb6d2d8d9cbb84c095a0f9465e99ab8e36
245	chapter-245.xhtml	OEBPS/Text/chapter-245.xhtml	14864	673de9c3585bf6bd1ca6d18a65f6710beb9de75e324cc8bf1f3207fb00aa2de5
246	chapter-246.xhtml	OEBPS/Text/chapter-246.xhtml	15214	ee3ac6534743bb4bf12f57bd90722c0e8152bd2b101172c10fbf13993bc8a481
247	chapter-247.xhtml	OEBPS/Text/chapter-247.xhtml	15258	9684649abc1170128fb5e77ea83eeb25ed100a807f361c03fed68c769f3420bf
248	chapter-248.xhtml	OEBPS/Text/chapter-248.xhtml	14505	229d6b7293896a9fe46e81c4ddeedc0a20eeacabd4fac16584f28a88debee61c
249	chapter-249.xhtml	OEBPS/Text/chapter-249.xhtml	16604	f6eef1183935556c8c0ee883129f6abc2fb43b2051226b1da4f35c16625208dc
250	chapter-250.xhtml	OEBPS/Text/chapter-250.xhtml	15723	ea3d093064948fc02a3ba09813910899547fadbf932b4f19ea93bdf1844ae587
251	chapter-251.xhtml	OEBPS/Text/chapter-251.xhtml	14499	5668c647976c03fc399fa86bea21c506ca201c7f4d890ff91c846efc258711e6
252	chapter-252.xhtml	OEBPS/Text/chapter-252.xhtml	15708	b860965111c4a2f51820006dc7a2c0801730dda8b16b702debe1336308af6891
253	chapter-253.xhtml	OEBPS/Text/chapter-253.xhtml	13600	fd3d149a76a9af371f20049188aaf2b8014d3784ad149659ae410493f8a44f2a
254	chapter-254.xhtml	OEBPS/Text/chapter-254.xhtml	13229	c2849e815ba7a7aa2af07a85c4e6ad3e62ce156bda8d0992a3ed0f63b674238b
255	chapter-255.xhtml	OEBPS/Text/chapter-255.xhtml	12313	10b2cc76020f5b6a649200d8bcfbdd9f9641ad90172b97544ef2f6da8a17425e
256	chapter-256.xhtml	OEBPS/Text/chapter-256.xhtml	13320	7d8e9761d3a98040168c3fd3f7d9c6e8a28062f04652844f17494ed05f898462
257	chapter-257.xhtml	OEBPS/Text/chapter-257.xhtml	13417	de24ea67fbd202faf8c503560432c053b9472ef6717ed0131a2eaefee9b26546
258	chapter-258.xhtml	OEBPS/Text/chapter-258.xhtml	13018	d1a70574ff72f79cfa01c10dade822d2963a2113c32567c4efc8a528126d04ce
259	chapter-259.xhtml	OEBPS/Text/chapter-259.xhtml	19617	d8a792c47cc5576b515a4dd9e3b3f3300c04bff5004a2ec66fd97f938bcfd17c
260	chapter-260.xhtml	OEBPS/Text/chapter-260.xhtml	16098	47f0d871c01586d92cc55727b242d69054b51bd9dabd3376892360da1faa33f2
261	chapter-261.xhtml	OEBPS/Text/chapter-261.xhtml	19018	028f28acb08d377d8c29b8b557cbb7455dc4979019858f9f1fd9986c025f18f2
262	chapter-262.xhtml	OEBPS/Text/chapter-262.xhtml	16351	b9f987f746b259273f48dddb003c0e55c64ccf25f4975f05f1c1488545a79a50
263	chapter-263.xhtml	OEBPS/Text/chapter-263.xhtml	18615	1ec6297843c7100af94ae85131edd3015ca80e5027a66086940866cc8f22399c
264	chapter-264.xhtml	OEBPS/Text/chapter-264.xhtml	14876	34f76b824380dbb50720090ad10409f364bf17bb3f9267014cf9ca4044d2da69
265	chapter-265.xhtml	OEBPS/Text/chapter-265.xhtml	21556	59cfbfa318833ad116c81129f03e1822123d08a19ebc29429075cfa30c3c1bb9
266	chapter-266.xhtml	OEBPS/Text/chapter-266.xhtml	14782	596b989aa16675d9d1cbc4eec858f6f1c0d7065a84793301c1beead7bd28f52b
267	chapter-267.xhtml	OEBPS/Text/chapter-267.xhtml	24038	8fe73c114b05f2025e3782a52ff57e0a7b6304b620cf1dad2a3ad8b253cf2837
268	chapter-268.xhtml	OEBPS/Text/chapter-268.xhtml	14906	9318c97c073599d5e7b2aa7c03e8ef39cb08ba78466e88144e8fb824fb51b2af
269	chapter-269.xhtml	OEBPS/Text/chapter-269.xhtml	15791	538f8b5458c21a574f8ad317ee14390853504865b0857283239bc4144e518845
270	chapter-270.xhtml	OEBPS/Text/chapter-270.xhtml	16098	f4479590990596179727a98b3a0096304ddf3720ae449cb0d214a9a384ef739d
271	chapter-271.xhtml	OEBPS/Text/chapter-271.xhtml	20501	28814b4314c10d1681952a08539930e616abdbcc87278e3d8c77ae1b6e80d6fb
272	chapter-272.xhtml	OEBPS/Text/chapter-272.xhtml	16691	cd88b4a614df674808da193d59666e61fd9b6bf925e5b48bff60dbbf9bc1127c
273	chapter-273.xhtml	OEBPS/Text/chapter-273.xhtml	13426	64fe83bb43b2a802d58ac1571bce644f088e057ac1943b5fddb67c4a58a787e9
274	chapter-274.xhtml	OEBPS/Text/chapter-274.xhtml	16296	c0e3f7a40ee2589e346915841892941267a03fafe0889c12ada9e3adda5ed026
275	chapter-275.xhtml	OEBPS/Text/chapter-275.xhtml	14477	9a023dc3c793aa42ac7005c30233cb15a0f68f54834dd49a05a17a0e48da1026
276	chapter-276.xhtml	OEBPS/Text/chapter-276.xhtml	14408	4155916501092ff1ed5a2aaebe682706ff6cf32dbaaece5a37e6cfd1b055b276
277	chapter-277.xhtml	OEBPS/Text/chapter-277.xhtml	14352	da7e15021222a3216aa91b511d1af0b1fdf06e6041867747bc8ed993a07780bb
278	chapter-278.xhtml	OEBPS/Text/chapter-278.xhtml	18297	59dfae7d1518a5944e09f93c3108c17f11c5b49e7f44493263e4f5d9d99c1f0a
279	chapter-279.xhtml	OEBPS/Text/chapter-279.xhtml	15434	d2c991fef31969c5d3f5b50877895697cfe36e0826fdebc944bbbf6613e4a548
280	chapter-280.xhtml	OEBPS/Text/chapter-280.xhtml	15345	e5566f79aa40faa9cf640f1f72365be6b7a660bfb6343e0a350440b760a60c2b
281	chapter-281.xhtml	OEBPS/Text/chapter-281.xhtml	14420	1591ff3c607ff81245e8b90b1bef7b2b2297af212fc2934144c2f3f9eeafe166
282	chapter-282.xhtml	OEBPS/Text/chapter-282.xhtml	15200	fe9d39daf5e3b8b0c64b587c2bbf8ca081ea5dcc42d402fd0014bd8e020d8701
283	chapter-283.xhtml	OEBPS/Text/chapter-283.xhtml	15021	a9ed6004c19f99592792d748c701da6c2f407180650e34d27395a969d20f3191
284	chapter-284.xhtml	OEBPS/Text/chapter-284.xhtml	15208	29a79a27c8b8d70bddd9357a8791824ede5d2026d790add86be161be1c7322d3
285	chapter-285.xhtml	OEBPS/Text/chapter-285.xhtml	13923	9f056bc557210404a436b8e90c375bd0225c43b52188d196f2f4c4ab7d3bfc9e
286	chapter-286.xhtml	OEBPS/Text/chapter-286.xhtml	17467	cf7b367fcd7b3efc24ca7e8d88329ee9f7107481b9cd75f5fb991e1f5165568f
287	chapter-287.xhtml	OEBPS/Text/chapter-287.xhtml	15140	9613afc7b29ebc81d7ce6c7f1598096963171368f1800b6d7926ff98c321fd58
288	chapter-288.xhtml	OEBPS/Text/chapter-288.xhtml	14698	f1036990f58e364ae7f55103ef7af15f0b9420a1824d25aa73614baaab6e4cb0
289	chapter-289.xhtml	OEBPS/Text/chapter-289.xhtml	16051	1624835c1665019961fa5376d8edff5dc68310e24114a2444e4d06f455c57414
290	chapter-290.xhtml	OEBPS/Text/chapter-290.xhtml	15291	8fb867367dec008c18904a2297698007f75c0f923229cd3569dbcf6adfea63da
291	chapter-291.xhtml	OEBPS/Text/chapter-291.xhtml	14160	0ea1e96d3a92c57b826db2af5e99b93caa3167cafc593f2d2c8924a34c10eab1
292	chapter-292.xhtml	OEBPS/Text/chapter-292.xhtml	14814	2ccbaec24aeb8c121ce0e3bf5db4d6718327a88006131067765f3128b54ca339
293	chapter-293.xhtml	OEBPS/Text/chapter-293.xhtml	23125	0e6a45ff863f53f7e34b31b30eacbacff3222b4bdda43d8d21026e3ac354eabe
294	chapter-294.xhtml	OEBPS/Text/chapter-294.xhtml	20918	d5750ea205e15e84c4e646dbb52265dbdf6a051cbef4d5927fca70cd04963b6a
295	chapter-295.xhtml	OEBPS/Text/chapter-295.xhtml	13986	02202ba9603a6482be1146aa6e3ae7b7b449e2edb5b8f9a4eab36385d45dcd53
296	chapter-296.xhtml	OEBPS/Text/chapter-296.xhtml	16819	da9381a63dc11a56266982562d4f33d5db4d865ee0ca391779f917edb30aacb6
297	chapter-297.xhtml	OEBPS/Text/chapter-297.xhtml	18048	659bdb0f73bcf33857aee24f3f907a9546005539f51ef31aee466ffb324df10f
298	chapter-298.xhtml	OEBPS/Text/chapter-298.xhtml	20719	0509c9234b9a98a8da0b8c5d4ee09b2ac30f233bf191f028866f2a41957c90eb
299	chapter-299.xhtml	OEBPS/Text/chapter-299.xhtml	16463	9212d72b3fdd5ff50a47070f688f110b250b48dca5afed9571b610abafef4692
300	chapter-300.xhtml	OEBPS/Text/chapter-300.xhtml	14224	a1a9da33880dcb37863d7113195ae10f2c993be49fa72c5a69b8a1aebd570779
301	chapter-301.xhtml	OEBPS/Text/chapter-301.xhtml	15149	20a37f225e5fbe15801655b5b94f83f61184fae61b6a102b23c50dbff10b8da3
302	chapter-302.xhtml	OEBPS/Text/chapter-302.xhtml	15411	fe85ba199a28bc218b8f09e8b05a830a52e8e7a42792861a2e46a0751891c533
303	chapter-303.xhtml	OEBPS/Text/chapter-303.xhtml	16567	bb1e71e8b8a29e6763c4d22941f8534dbd391d4db3034849ec0807bd35ac0969
304	chapter-304.xhtml	OEBPS/Text/chapter-304.xhtml	17133	7b724a55adb6b13a688e072a30e31096b2284cabfcfc5cabaac8b5b18a96abab
305	chapter-305.xhtml	OEBPS/Text/chapter-305.xhtml	13715	a744794380a326226df316c57ad294c32019b81c6d88fbe106c1e4025cab396d
306	chapter-306.xhtml	OEBPS/Text/chapter-306.xhtml	16394	019ce759e1b85347de2ca272d855add880b0be33e27ec273c4885e03d240bc08
307	chapter-307.xhtml	OEBPS/Text/chapter-307.xhtml	13305	d33024076e6c41c1fcd6491ac9c3a430ecafeb244cb62099abeb0b93553a9b3e
308	chapter-308.xhtml	OEBPS/Text/chapter-308.xhtml	15917	d01f86f81b7b379d4bb60bd82f1c2de7322cd7ab001222b404d61a51336bf860
309	chapter-309.xhtml	OEBPS/Text/chapter-309.xhtml	15984	b675d499593c23a81a510375e1d4d1abac7b10891dffdcc4cf5417bd4fbee3eb
310	chapter-310.xhtml	OEBPS/Text/chapter-310.xhtml	14281	0f0b342ef609e1df8cfd1d4f42a1b207e63e308e53c2146e3bfc14f71d2614a9
311	chapter-311.xhtml	OEBPS/Text/chapter-311.xhtml	18376	29e4793426da805d30a164ca4820dd1eda0d046a71b38ddf79f02b61e26dea35
312	chapter-312.xhtml	OEBPS/Text/chapter-312.xhtml	18898	5176f552d7850e48420aa974230b9427f302c356274148b639fac746aeda6c85
313	chapter-313.xhtml	OEBPS/Text/chapter-313.xhtml	15650	dd036987640a427ab85b9392e024e4059aa02642c34b9d1f222a7c42fd7856d4
314	chapter-314.xhtml	OEBPS/Text/chapter-314.xhtml	17381	1e6f45fb5f6ccbd51370b9e9be3a9a8392fb7c0fa661fa8d401d1b44c00173ab
315	chapter-315.xhtml	OEBPS/Text/chapter-315.xhtml	16535	1721740d45699eecd4ccaa74a674c5f516b1c7eeeabce041c75627bb44a39bad
316	chapter-316.xhtml	OEBPS/Text/chapter-316.xhtml	15726	64a8b48c1a0da71c74bd8239abe8c98ae877a25bfffeaed715ef1666e36d9442
317	chapter-317.xhtml	OEBPS/Text/chapter-317.xhtml	18976	21f49736ffc418a3f42690589739595c4f94d7dbf66d38f0b0b7a03778300f3d
318	chapter-318.xhtml	OEBPS/Text/chapter-318.xhtml	14450	5c3d3834318b6d84d25e1e8e735f18433e53fc0d1602ce824f65916314c7570f
319	chapter-319.xhtml	OEBPS/Text/chapter-319.xhtml	17166	f69cf681ff9be3c7a4cee568dd2ca0acb541d86fd0569a38dade2ecefbd34c54
320	chapter-320.xhtml	OEBPS/Text/chapter-320.xhtml	19232	fe8575e4839ac8d3585d04cff9fb5059bf1030b44320d92ef7022363f9e76fff
321	chapter-321.xhtml	OEBPS/Text/chapter-321.xhtml	19261	07ca119ef6d43af8e0f164a7c34b0ef91fc9d6f4b7949136e7c1a384f03a88b6
322	chapter-322.xhtml	OEBPS/Text/chapter-322.xhtml	14046	476088bdd6d5d6ef62b461c42751e9bdbc854d6d72c723a9e33db124dd92941f
323	chapter-323.xhtml	OEBPS/Text/chapter-323.xhtml	20822	c9b0d907ca551987375c698e0d62ffd12c0bdc97030273b80118e00a62306ed6
324	chapter-324.xhtml	OEBPS/Text/chapter-324.xhtml	13213	eb3fe09214e6270e4a4544fda6057b9104d0187be698f2b20299e466e79b8828
325	chapter-325.xhtml	OEBPS/Text/chapter-325.xhtml	13390	584d359eef9043e718701ed5220e3db4321cc0debab58ab54fbbc2d747cdb796
326	chapter-326.xhtml	OEBPS/Text/chapter-326.xhtml	13980	74170764ed2141a4452b181b192b95dede2f6144a6cfcc0f516ae0c92e4c17fa
327	chapter-327.xhtml	OEBPS/Text/chapter-327.xhtml	14140	4824f0f3bf97df406184df974902bc1dcb8a937506974cb9f7663b8f04ea793c
328	chapter-328.xhtml	OEBPS/Text/chapter-328.xhtml	14282	90ff6a9d0513ffab98842f3d6edf3cbb59039cb6da6b8ca25ad6572928848522
329	chapter-329.xhtml	OEBPS/Text/chapter-329.xhtml	18852	7e83ef6bd3530a70634155ca834b40a5f275c3f5261e52511e8d91682ece93ea
330	chapter-330.xhtml	OEBPS/Text/chapter-330.xhtml	14626	b44bffb041d088dbab1535a0612504efc6121caf4fa218cbe7bd271ea0df5851
331	chapter-331.xhtml	OEBPS/Text/chapter-331.xhtml	13978	d2bb5b803cf6a03784075d375b7e6bb4ce62208384714f7c529bd4c7a884271a
332	chapter-332.xhtml	OEBPS/Text/chapter-332.xhtml	14312	3c60ad64e973430b64d78bd541f5dc9eae7f20951edbbd8f2876326683ee778a
333	chapter-333.xhtml	OEBPS/Text/chapter-333.xhtml	18753	e3b9311f5daae829be078dc3bbe087b322909ce5d6e9b50ebd4e7b326b2e38ee
334	chapter-334.xhtml	OEBPS/Text/chapter-334.xhtml	14191	ebd5ecab986bfb8a6fb4f7df716b7cc64bb2083770c44395727b5d2638f9320e
335	chapter-335.xhtml	OEBPS/Text/chapter-335.xhtml	14495	70f11c7af8d63fba878981fdeb3e62bb68a6791997879f28098dbd2d3e3efa87
336	chapter-336.xhtml	OEBPS/Text/chapter-336.xhtml	13535	4a788106bc4ae6b4075e3c662ca4f03d75fe43de1fa74de1e6c540aadd8ac1c9
337	chapter-337.xhtml	OEBPS/Text/chapter-337.xhtml	15626	253accfc51ab81ac1fb8973f38d5203aed25537393d224c6deaadb13a58a25e1
338	chapter-338.xhtml	OEBPS/Text/chapter-338.xhtml	17000	a2a0f755321fc6724e8d6211bd9eb35be396b34a9ed3ee23520709ae7a6875da
339	chapter-339.xhtml	OEBPS/Text/chapter-339.xhtml	13711	7c03e136f7ce2af9fe6791a59748f32dd3f7a96859087a3de222e7e9938acaa1
340	chapter-340.xhtml	OEBPS/Text/chapter-340.xhtml	15586	598c6af8557d8dbacffcac0027ca0ae8b25212b9725bf1dfbc971b35da6f34d8
341	chapter-341.xhtml	OEBPS/Text/chapter-341.xhtml	15418	fb9b59ff835f83afd1b964468a2d2edefc0d87af5d2fa98f03aa7421dca36b3e
342	chapter-342.xhtml	OEBPS/Text/chapter-342.xhtml	15071	71e1bf5041cbe2f0a86ca6f15227bd5f3ffbce251f2bd7b1218cac83fe5d52ac
343	chapter-343.xhtml	OEBPS/Text/chapter-343.xhtml	17255	c41f85dd876f621e0a56b40b64d98a3793bbd039dbadceb6844012f750c7de4b
344	chapter-344.xhtml	OEBPS/Text/chapter-344.xhtml	15184	0bdfe8c4b49d53af3982c31b8389658c998c88eff9c9b770f9372b69f4405a3d
345	chapter-345.xhtml	OEBPS/Text/chapter-345.xhtml	15625	9ebd2f50654f2f3cf1160b59b0d0c6ee49253fd088cdb830d385d57699ab900e
346	chapter-346.xhtml	OEBPS/Text/chapter-346.xhtml	27393	28f33e1ba2bcd33a2aa67fc411df009348cb051e36b996218b261249d2e73362
347	chapter-347.xhtml	OEBPS/Text/chapter-347.xhtml	15174	1b33aeae952b54a3f6fef7b2ef85500ac22c6358fb98b23c40e2a8c8768abb4f
348	chapter-348.xhtml	OEBPS/Text/chapter-348.xhtml	16046	a404695022d48f1c881266e1c9f4ee22d3a7a7658c735f5b6f8c687b103ba757
349	chapter-349.xhtml	OEBPS/Text/chapter-349.xhtml	16399	63c829c1bd3242b5fa1ef65601cc3a16a0cf93ad28220f4c954db085a90a11dc
350	chapter-350.xhtml	OEBPS/Text/chapter-350.xhtml	14685	49323bbc03bc2919b0ba29dd4704d78fbe5460fa8db95b23f82b46152905033b
351	chapter-351.xhtml	OEBPS/Text/chapter-351.xhtml	15954	56d3ba6d46cf1952fd18b38fbeda3a269b3202de8ed74fe9a567a26cdc4f4ed3
352	chapter-352.xhtml	OEBPS/Text/chapter-352.xhtml	13840	f9b591ba18cc01a9bba21aacbdeee4773f3321ea3a9d4843b0ff858b7e37bcfb
353	chapter-353.xhtml	OEBPS/Text/chapter-353.xhtml	14646	cdcf165e008530c795029e057e73554675c16e2cab8c5be5c04ebbae3bed5d45
354	chapter-354.xhtml	OEBPS/Text/chapter-354.xhtml	15834	c85f1214aa8016b247c9a42f40e9209e79f70b7e0b1a282b3d98c3834daa953a
355	chapter-355.xhtml	OEBPS/Text/chapter-355.xhtml	15843	5e2198243f5eca9ef64491fa2314065b0a39cba957f842b7c6b1cffd2cf6c472
356	chapter-356.xhtml	OEBPS/Text/chapter-356.xhtml	14478	56c8e0f5ec1550641823f68ff8078bfa4fc704736f2faa066d71ea9b0d906a14
357	chapter-357.xhtml	OEBPS/Text/chapter-357.xhtml	17759	c19daddfd66c6b89040f64b3b2b27553ab48528ff70ddc42c8df156dff943c55
358	chapter-358.xhtml	OEBPS/Text/chapter-358.xhtml	13808	92bcd61d8182d914a5bdb67af2603d2c8d633baa611bdbfeb675146428e67dd9
359	chapter-359.xhtml	OEBPS/Text/chapter-359.xhtml	16343	95b8fcd9ecb4a904aa4428a60bf8bc687b9d18952808d1b25f6e61749b1ab345
360	chapter-360.xhtml	OEBPS/Text/chapter-360.xhtml	13508	b3d89155a7eeb6308bbffab27ed2df0621178faddd6cf732846711acecead3ac
361	chapter-361.xhtml	OEBPS/Text/chapter-361.xhtml	13841	ed42d798c4194736c7eeae58201633911a18ad73167133075264ad10fa0f3e81
362	chapter-362.xhtml	OEBPS/Text/chapter-362.xhtml	17425	f426c4abe072432f81952666b2fd14aa672bf1b3f64c455fbb97c38ad3e3077a
363	chapter-363.xhtml	OEBPS/Text/chapter-363.xhtml	13155	a50e35b9d420be4304d5935193e53d6ab1cdf19e9d16658ba5587fa4b39fe55d
364	chapter-364.xhtml	OEBPS/Text/chapter-364.xhtml	13282	0670a0f86ab72f0bf4d39d99ac6c2ac9357f66cef8710240092d7df40df9fb6f
365	chapter-365.xhtml	OEBPS/Text/chapter-365.xhtml	15871	a9635b82c7223012da60b1ee679f5ddc8c97a544845e2d68d4673900dc9254cd
366	chapter-366.xhtml	OEBPS/Text/chapter-366.xhtml	15041	0bd979cbed22699e46543a2bbf26a86125cc7f9610fd848553d315e05837b46f
367	chapter-367.xhtml	OEBPS/Text/chapter-367.xhtml	13997	d27b9289748691cd9c7e0e7097a35f982c5086298df98051ecf24c634ab72ca5
368	chapter-368.xhtml	OEBPS/Text/chapter-368.xhtml	14228	5040c0e8c181faf83fe4443aaec3a8083ce692e62d4b2fe1da842fc55aec2c0c
369	chapter-369.xhtml	OEBPS/Text/chapter-369.xhtml	14344	2552addc260c6d2776435dcfe7dbaa701a9d2dbb8fa46126278a5ae47964eba4
370	chapter-370.xhtml	OEBPS/Text/chapter-370.xhtml	18126	9352f6836ebb233a6e874c66a33437d6e408e85714c8b3e057f6accab16e1243
371	chapter-371.xhtml	OEBPS/Text/chapter-371.xhtml	14959	162216b25446203cc3eb20818b36468c4aa5de510654ac43d1a22fd2919047d9
372	chapter-372.xhtml	OEBPS/Text/chapter-372.xhtml	13984	3c5b9629257e19cc76b4995ef9f08ace5ac8640437e6f97ed7abf191f5b2402e
373	chapter-373.xhtml	OEBPS/Text/chapter-373.xhtml	12813	8282137b10503ea6a14e335f867104c4e90dee7d0c6d658a606ea3c485444566
374	chapter-374.xhtml	OEBPS/Text/chapter-374.xhtml	16343	41a531fd5b24c93c007564b71761d597d8f19530e4142a6d5ebad6ad58556f72
375	chapter-375.xhtml	OEBPS/Text/chapter-375.xhtml	13828	40f7bd6f238b5e99f2c00b23775fbaaf48b0b2041f35b66c0ac3bd087cfb52fd
376	chapter-376.xhtml	OEBPS/Text/chapter-376.xhtml	13201	b099c0b081d6ff66eb4f1a6039ba7ea445f85b4a4411e6f1910d17ec14c3e7ae
377	chapter-377.xhtml	OEBPS/Text/chapter-377.xhtml	14414	5d29b9af1f801351e8b3ae279ab23ed6de25eb45c6b7c43ed9dc8c8e6af680b9
378	chapter-378.xhtml	OEBPS/Text/chapter-378.xhtml	13418	0561b653293f48b915e447154c93e978171c2461ed67bf71519de17997299472
379	chapter-379.xhtml	OEBPS/Text/chapter-379.xhtml	15058	48e69062c0d81f7956a50bee229fb459e44932aeadee6a3c328520b9927fd4c5
380	chapter-380.xhtml	OEBPS/Text/chapter-380.xhtml	14420	a99680487c9249125416835292bedcc804d755095a010f740f4117e3ff4b4b6d
381	chapter-381.xhtml	OEBPS/Text/chapter-381.xhtml	13885	c15c50f332cc887a2817d053b19b4169ee8ce72466bd404f72fe62fce0eff417
382	chapter-382.xhtml	OEBPS/Text/chapter-382.xhtml	13910	41f4e4be2336619ccac051506a7aa36c30697e04aff4ca1394770bf428e02323
383	chapter-383.xhtml	OEBPS/Text/chapter-383.xhtml	14176	e08a7ae28916003dee4391e978832d2a227edce4320afb0f01313335c97e73c2
384	chapter-384.xhtml	OEBPS/Text/chapter-384.xhtml	16350	03e94e05f6f74be50f623f870821e3025c87fa54f3638f1e2043f18c21912855
385	chapter-385.xhtml	OEBPS/Text/chapter-385.xhtml	16133	9c01233aaccb5f213b3b036c8d36838ae7eab840dfe9db69871424fa7df042e6
386	chapter-386.xhtml	OEBPS/Text/chapter-386.xhtml	14526	f9e5bde1ccee2b1d25b0fec45931abf8dbb614262863bf23a3764f1d077965ff
387	chapter-387.xhtml	OEBPS/Text/chapter-387.xhtml	16328	72fb21c80e95d68fa634b7b99ecc0e5ba508ccaf5b535011b2c90ee27234e276
388	chapter-388.xhtml	OEBPS/Text/chapter-388.xhtml	12942	2931e5c8c8d3ee704a12fee8343a62340b8043bf60d2fded1d6fa29d4a73d908
389	chapter-389.xhtml	OEBPS/Text/chapter-389.xhtml	13833	878a76da811f76935d7ebf602eb2d3390cdc3a1ec55ee4b9bf907840184fb4a3
390	chapter-390.xhtml	OEBPS/Text/chapter-390.xhtml	15926	e178a12159b28f6c630c6363287b239f1f04f0dd87ce2f23475ec50632a2764e
391	chapter-391.xhtml	OEBPS/Text/chapter-391.xhtml	13755	1cab5cfc156a9212ed4d13a117bf303964f3a9cdb7f758f2404aede8d4ab1e32
392	chapter-392.xhtml	OEBPS/Text/chapter-392.xhtml	16676	57c18e4d9979987127ed2cf6ee5bd44505eb7c5bf6e408ba087182ab91b6ec67
393	chapter-393.xhtml	OEBPS/Text/chapter-393.xhtml	16878	16d38352343ad54061058a00283536d3301dff4f057ab55974739d2075483080
394	chapter-394.xhtml	OEBPS/Text/chapter-394.xhtml	15440	83dca028b8b362556a2fa8d001660dbde9227eb8baaeab47f66251d007bb4645
395	chapter-395.xhtml	OEBPS/Text/chapter-395.xhtml	14134	531555b62b84fc790c760c6accea5e5b949c747509ce5ee017971969a282ae5e
396	chapter-396.xhtml	OEBPS/Text/chapter-396.xhtml	16092	05845fce9f01241d2c63f1f4d2cfcf0a97ec2ece146ef87baf1bbd81390a6ab0
397	chapter-397.xhtml	OEBPS/Text/chapter-397.xhtml	13508	6b3bd6366f54b41d612ee5381d21e97eb64ab1e23324388ceb53a80628702ef1
398	chapter-398.xhtml	OEBPS/Text/chapter-398.xhtml	14362	15fbaa2547d29366999d7a1f99264a9a3adae69c6e92ca68b29f2ea26ab6b6b6
399	chapter-399.xhtml	OEBPS/Text/chapter-399.xhtml	18716	062d318092bec0eef75777190ccb35cc648582ec53f307a8bc92101fba4a6cf7
400	chapter-400.xhtml	OEBPS/Text/chapter-400.xhtml	13892	c175f07abf8311f1a65bd92c3cc3fb5b8a523692fe0c5c153cf485b49616ef38
401	chapter-401.xhtml	OEBPS/Text/chapter-401.xhtml	13819	2809d1f7af1611f8c1b707c0096fa0d2f4a4af3ca4e2a1a87d6b088916d4fad5
402	chapter-402.xhtml	OEBPS/Text/chapter-402.xhtml	14420	20b3ab8b533aec514ec5ccd6f0a3ce563d20a736698157fbf33454157dd7ca5b
403	chapter-403.xhtml	OEBPS/Text/chapter-403.xhtml	14845	74cef083587a0c4126bf422fabbce7feb790895cd6ebaca5d9c3655e9f462cee
404	chapter-404.xhtml	OEBPS/Text/chapter-404.xhtml	14704	bf95266762a89d9b60a67b1d522673569075e9c25e891bb277beb2b2fa312e52
405	chapter-405.xhtml	OEBPS/Text/chapter-405.xhtml	14957	19af98829e009a70574c48cc0d7c47d0bef3d62090f675d4f31e828ebd841eba
406	chapter-406.xhtml	OEBPS/Text/chapter-406.xhtml	18205	7a2cf6ae08256c63be80c0907195978f8eabace9176a36906c83a40df789e196
407	chapter-407.xhtml	OEBPS/Text/chapter-407.xhtml	14407	083791344ea1aa81e5cc8e2ae2a4b8b2a4c61df19fde5b6572500b167ddb4e2d
408	chapter-408.xhtml	OEBPS/Text/chapter-408.xhtml	13542	9a170c47d9e9a4384da2eb1256c45211afa52957698d1e76144cda0f1a61d6bd
409	chapter-409.xhtml	OEBPS/Text/chapter-409.xhtml	14389	b09fca034b0fe5a82e5bff9ba7165418b92bdf89200d4c4410d747eef988da19
410	chapter-410.xhtml	OEBPS/Text/chapter-410.xhtml	17759	6b4b0f11511fadc3c707dc3cbe1385d3182a275535f05b20c130cf2ba794436f
411	chapter-411.xhtml	OEBPS/Text/chapter-411.xhtml	14057	cbea92400fc84dda9757d47714cf78971c74159e45e5a90f562180d13a865b42
412	chapter-412.xhtml	OEBPS/Text/chapter-412.xhtml	14375	957edd7a711c1f9830771f1b30734b8569bad2fd9c4ea8d16a5b9283e12ed064
413	chapter-413.xhtml	OEBPS/Text/chapter-413.xhtml	14972	4febcca3ec494151e39de4463da35c4526e07e3f4f4eb160d41123d6a7a4304e
414	chapter-414.xhtml	OEBPS/Text/chapter-414.xhtml	17606	e7ef76114e18db7bdb06518f39b2e79f11b0f0b0e0eee7cf78c36f4d92c7fd26
415	chapter-415.xhtml	OEBPS/Text/chapter-415.xhtml	17068	a8373bfebfc1ab7c00d4368900a9f44933a8179b16ca178a34cc21c3d052f197
416	chapter-416.xhtml	OEBPS/Text/chapter-416.xhtml	13092	85b4285bde3b1feac3354b977199abfd137cb0ae02b11b1fcc280455ec936c29
417	chapter-417.xhtml	OEBPS/Text/chapter-417.xhtml	15396	76a6fd26dd799cb2555543bb5cfaa521a6733d87385de8e6f220be3aec5cbff7
418	chapter-418.xhtml	OEBPS/Text/chapter-418.xhtml	22139	354ef7d168c22f77e37b9f61b31ebd72b4190b93c05a0ecf4f3002c0c013a1aa
419	chapter-419.xhtml	OEBPS/Text/chapter-419.xhtml	16998	78e51c44865f5d317f41c2f9ba49f96b5e894e293245aa12c5ec21d59701b951
420	chapter-420.xhtml	OEBPS/Text/chapter-420.xhtml	15705	274d15a4460cf335917ee51d7cf20e9356257d046cb479e35557d2dc142489a1
421	chapter-421.xhtml	OEBPS/Text/chapter-421.xhtml	14060	670fa4a348c713b462bf825ee2e3defed9739cdcbc5ab533f5319c85490fc7cc
422	chapter-422.xhtml	OEBPS/Text/chapter-422.xhtml	14731	7226104c3849ac256190d5e77dd694f9c558f6b1f76f7f958c9cae140200f78b
423	chapter-423.xhtml	OEBPS/Text/chapter-423.xhtml	14649	2ae5ac75c3a508fe88b317c69a51d54626a10aca104bcdba21dff3502b0b6bc2
424	chapter-424.xhtml	OEBPS/Text/chapter-424.xhtml	16764	d6a5b61918bc602c2045137e3bc63230d61a232672a44d4d2efd885f12dac0f3
425	chapter-425.xhtml	OEBPS/Text/chapter-425.xhtml	15641	01e3fff683fd397f1213ee83012d0658c8ad7bbebd4eeb15733bf0507b835078
426	chapter-426.xhtml	OEBPS/Text/chapter-426.xhtml	15656	5d84e5554d22b87ef452ef2c45ec85aae7ec0d5dd2a5a504ad930ef3688c3e23
427	chapter-427.xhtml	OEBPS/Text/chapter-427.xhtml	16795	a06f4c4214348b0b16bb9d3822d96c05dbf802b92013871ed9bb713c1e737515
428	chapter-428.xhtml	OEBPS/Text/chapter-428.xhtml	17208	a3ba4f94b6fc36f2a7c91e676e50253d69b3df1c5bcc12a6f3ce9df70df9bbac
429	chapter-429.xhtml	OEBPS/Text/chapter-429.xhtml	13251	225ed828ff0453a2c0a37d2b859a99a82ac666d2c50ce7ccf753eff9967f7123
430	chapter-430.xhtml	OEBPS/Text/chapter-430.xhtml	13400	78ad5907f3770b339126047014f7284203a71b59a3c568dbee1e7480d345a79d
431	chapter-431.xhtml	OEBPS/Text/chapter-431.xhtml	15368	e360c840bb0b9eb16f565265ec958a1d1f89d94201603229547cb2d37b3d9ba2
432	chapter-432.xhtml	OEBPS/Text/chapter-432.xhtml	16696	fe4817fd844630740c32280dd13f55504a67ebd388a4d285735b33d6023e7408
433	chapter-433.xhtml	OEBPS/Text/chapter-433.xhtml	14797	30a0df2fb9f58fddea10bd16c9a376530b2287c8cece2f5ba1ad3b6037bc8690
434	chapter-434.xhtml	OEBPS/Text/chapter-434.xhtml	15248	5b2986f0b8726c80859c557ca1ac954874852e35c803ab34e90cf00df04da6f5
435	chapter-435.xhtml	OEBPS/Text/chapter-435.xhtml	15880	40f7bff95cb6e5bfd7702da48cffc106e1f2d088ef3382e66151dbd59e27a5d9
436	chapter-436.xhtml	OEBPS/Text/chapter-436.xhtml	15582	88a4106aaabaab61f7884b0ba2f5fab01ce6c7afc60c77878725147e872f0399
437	chapter-437.xhtml	OEBPS/Text/chapter-437.xhtml	14188	08c4237dfce05f3119e7a9029fb0aeed06568e4ba516566aefe19c4fff2b8fc4
438	chapter-438.xhtml	OEBPS/Text/chapter-438.xhtml	16249	33c23584bab7a7a1bf49276e88305f740e5fd4dd4decb45b145a57c00d6bf0ce
439	chapter-439.xhtml	OEBPS/Text/chapter-439.xhtml	14446	503b576f2ede635fb7cb5d335a5ae5ee4b1d56f82e4fb25a174d9f61328f5e9b
440	chapter-440.xhtml	OEBPS/Text/chapter-440.xhtml	15477	42e4993e07699bcbf837df37392355935b4cc243533b6e557a583b99f3b105c9
441	chapter-441.xhtml	OEBPS/Text/chapter-441.xhtml	15658	4892b1a07ec658486057b84eaa7e8f847eb58a0df71fb66173aad67861819c86
442	chapter-442.xhtml	OEBPS/Text/chapter-442.xhtml	16816	860ebdae6b7acf426c6d42837b641e999713dcdc56971b93ae2f0ddd6d3c564c
443	chapter-443.xhtml	OEBPS/Text/chapter-443.xhtml	14048	979a991d53294cd90e2c76e8efaa00e430301e9c2cc2477e28a5a0c2a2a3fed5
444	chapter-444.xhtml	OEBPS/Text/chapter-444.xhtml	15280	9d8d7ff7478276837bc33c55ac9bf093c2e99b2b4c74865b5bebece4fae6883c
445	chapter-445.xhtml	OEBPS/Text/chapter-445.xhtml	14932	2f8fb44ee64db3ab3b4aaa33bcc0de4a3f0d135436374ba8cc1e991268ec95f8
446	chapter-446.xhtml	OEBPS/Text/chapter-446.xhtml	14507	5cf3340ca66f104642fb1e8e7d1347520e28a7252ac7fcd31e1bf1cb39d87464
447	chapter-447.xhtml	OEBPS/Text/chapter-447.xhtml	13923	a47095029239c2e9e6fc2536d4184d7a577200a807dbeb9f971e0f61bf7795cd
448	chapter-448.xhtml	OEBPS/Text/chapter-448.xhtml	16769	594ba406af9c51a675f353775bf00c8b8b67787f2ee2ecdf4bb0997bcc7b5696
449	chapter-449.xhtml	OEBPS/Text/chapter-449.xhtml	15263	4b9fed78a1612a680272b3487d0c1a19d17d07a3ef13340ef9c057ce7ad81607
450	chapter-450.xhtml	OEBPS/Text/chapter-450.xhtml	14342	474c0c2eb326742654168e99f318606021e7d6e8af1fbf3a8b5d57c2eaa6a5c6
451	chapter-451.xhtml	OEBPS/Text/chapter-451.xhtml	13796	e72ee4366c9aa2721324ca2d2566d746fc0371a24cd37f91c9e7033b27462bca
452	chapter-452.xhtml	OEBPS/Text/chapter-452.xhtml	14738	4c2025b0fcf970f4231d509fdcebee74312ff27829d7f2998a39e04f0be89648
453	chapter-453.xhtml	OEBPS/Text/chapter-453.xhtml	14831	f9099db85a78a46d159081613c091d9d909e5870fb81e7f355278b099d843dcf
454	chapter-454.xhtml	OEBPS/Text/chapter-454.xhtml	15241	4fe7bd0a2b4dbe2e3a01f554ec7636872aeee6f6b67a15e4eb458eb8d0931251
455	chapter-455.xhtml	OEBPS/Text/chapter-455.xhtml	15419	64180e360267bcb045afda14b7ba7165680b1dfbbb63b5477560935f695f1232
456	chapter-456.xhtml	OEBPS/Text/chapter-456.xhtml	14399	8b3ad0d234a687ed4f5ba3f5f8c823b7c3664da1da6c58db6d8fc0a6013b37d9
457	chapter-457.xhtml	OEBPS/Text/chapter-457.xhtml	14062	a4d31c2f1d99d8d086fe32fe83ea12af21b3a3a3893e718d79adc6603a284da6
458	chapter-458.xhtml	OEBPS/Text/chapter-458.xhtml	13501	ea73236e922b6f6bf843ba1b8d10a9946a13bbc66bdc217e7e7bd9ffea06351f
459	chapter-459.xhtml	OEBPS/Text/chapter-459.xhtml	16611	f4fbb47dec02e06a06efa1048b025ea1bcf92c09e2e5d839a5016b2169756821
460	chapter-460.xhtml	OEBPS/Text/chapter-460.xhtml	14486	9e413dd6c183174abaa60420907e651ce2376e2f0641c89d832e323197806d1b
461	chapter-461.xhtml	OEBPS/Text/chapter-461.xhtml	13956	567f04047f98f4e7f646b3edbf0994f8f7ae1ef1272341be684ddb542b9f5784
462	chapter-462.xhtml	OEBPS/Text/chapter-462.xhtml	15081	05b382b94991920d107325ac94d7879e8aab11d14ef60bac08161fae2b5877e3
463	chapter-463.xhtml	OEBPS/Text/chapter-463.xhtml	13324	0045868997f51795c3eb4cdb94f5849922e2ffa3836737867dd95b14ecd01a52
464	chapter-464.xhtml	OEBPS/Text/chapter-464.xhtml	16762	6a3de20388be0104e71f837593f8f2371584ca882517bb334c1ab9a3d06bad19
465	chapter-465.xhtml	OEBPS/Text/chapter-465.xhtml	18181	ed3dafa8765619418bb090cca3f6a885c5434e2e2dcc933fd697846d038b5950
466	chapter-466.xhtml	OEBPS/Text/chapter-466.xhtml	14428	27a4d84fec3c833cd42bcc961ec109dc3b1c62b45f8e2ea52a973bb679908eda
467	chapter-467.xhtml	OEBPS/Text/chapter-467.xhtml	14537	7e8bbc9af2655b67e89c10c57544cc14300176d84cb6f88491969e8222cff58a
468	chapter-468.xhtml	OEBPS/Text/chapter-468.xhtml	13862	fb2a15b621e2f17624e94928256a2dbac5e8fdac4614ba981069f8a63902ddf5
469	chapter-469.xhtml	OEBPS/Text/chapter-469.xhtml	16318	8a3616e7686f34b2c5cdbe8cde2a19c6757b522d94873961bbbccff54cc240c3
470	chapter-470.xhtml	OEBPS/Text/chapter-470.xhtml	13267	d8f35499899b710b039a538b363660bd7da7d85bc6edf5679707a6db0220576b
471	chapter-471.xhtml	OEBPS/Text/chapter-471.xhtml	17892	559aada868a28fe612042ba24b459aa4a752b802deb674932f11b8756fb2d92d
472	chapter-472.xhtml	OEBPS/Text/chapter-472.xhtml	14251	0b51c54b00afe32416a27a6e0482d8809bf3592976e8be8fac3c5a51f2094f54
473	chapter-473.xhtml	OEBPS/Text/chapter-473.xhtml	13022	dc1f6971581bb6fe1e43f20ef8d2480fadf4d254f0c44fb7ad541224a612077e
474	chapter-474.xhtml	OEBPS/Text/chapter-474.xhtml	13653	bbef4266fbf3c0c227703e154b66142a15a828aac985564a99606e459641634b
475	chapter-475.xhtml	OEBPS/Text/chapter-475.xhtml	15863	7d7b2bfe217ac809cb866aa785b41b9bc0c785304bc39a0bd239402315351958
476	chapter-476.xhtml	OEBPS/Text/chapter-476.xhtml	17432	ceda724ffc518415cb776d558f5428af3cb6e4ea27da1e5282a2b2fc0034183d
477	chapter-477.xhtml	OEBPS/Text/chapter-477.xhtml	20495	a77d08c3ebf7738cf703f20fb19a3b540cbd56ce7f0edb4d46acb8db3d4a60be
478	chapter-478.xhtml	OEBPS/Text/chapter-478.xhtml	15761	0ed0e39de38a2bc19174efff658ffa7ba5a89249378eb3db1f39fed2d01cd2fa
479	chapter-479.xhtml	OEBPS/Text/chapter-479.xhtml	14189	ee6ad35892b6254bd1d1353e9f30a5ae23e5a3468acc7afcdc6b54c28be8d8f9
480	chapter-480.xhtml	OEBPS/Text/chapter-480.xhtml	13904	2145445c6532c2a0fbad3a3f3d0a716ce09700a503c5dc0e8f4d73862620f9b9
481	chapter-481.xhtml	OEBPS/Text/chapter-481.xhtml	17230	8a73fa4bf062eb804c9b1caabc8ff808733fec0c15b2f651161f82cf95fc4168
482	chapter-482.xhtml	OEBPS/Text/chapter-482.xhtml	16236	f5ea42ea844400e8b7cecb2921a3b829cb78de249b805f2bc1a0ee72d46076ee
483	chapter-483.xhtml	OEBPS/Text/chapter-483.xhtml	16300	543a93ed0bea9fd24a33ca1f20aef96db2739de63cc5eee967cd0765949c3926
484	chapter-484.xhtml	OEBPS/Text/chapter-484.xhtml	13575	6aa3cdf6d4e16ba7044328d5e59c6510faf6b60ee3d6d1e1b6b7291081f1057e
485	chapter-485.xhtml	OEBPS/Text/chapter-485.xhtml	13995	83d32ed19d7fefdc218922e2f6558b199f06bdcb54623ebdc1e3ead8c49d9bf6
486	chapter-486.xhtml	OEBPS/Text/chapter-486.xhtml	13597	dfe29246e383ff8254d6b86e5abff23fa9b5abc872a6406ec3b198065d4665f7
487	chapter-487.xhtml	OEBPS/Text/chapter-487.xhtml	13771	a4688c4a0e176d7d2b00219b862aa82a2a94df7929f21fd7e7147aee4564f938
488	chapter-488.xhtml	OEBPS/Text/chapter-488.xhtml	16281	c691c368878c86039b1f69882432749670c9e8f48e7edce9b864ce9972e4828e
489	chapter-489.xhtml	OEBPS/Text/chapter-489.xhtml	13053	b9018ada88d7803200e5ccbe5ee5285b408f1cc6b27e84174f9e422020edf46f
490	chapter-490.xhtml	OEBPS/Text/chapter-490.xhtml	14006	49b29404fec1bb39dee5eed1ca1b7fedbbf689a3555e08f9e97423ce11a3c12c
491	chapter-491.xhtml	OEBPS/Text/chapter-491.xhtml	16253	eba073aa0ee838d208bbb63fc39344a8b3a0aa08f8fb4580ae12e1743b892abd
492	chapter-492.xhtml	OEBPS/Text/chapter-492.xhtml	23354	30aa4605ba430500bd01c2a882d04470dc70b9edd7efad758b7f60c119f6b6e6
493	chapter-493.xhtml	OEBPS/Text/chapter-493.xhtml	106840	1658ea97b276184181885b12a052c52ad58f82dfcfda5a1990b326a86d92ac6c
